corpus,file,w,h,raw_bytes,png_current_bytes,png_current_encode_s,png_current_decode_s,png_current_pixel_exact,png_current_max_channel_error,png_optimized_bytes,png_optimized_encode_s,png_optimized_decode_s,png_optimized_pixel_exact,png_optimized_max_channel_error,webp_lossless_bytes,webp_lossless_encode_s,webp_lossless_decode_s,webp_lossless_pixel_exact,webp_lossless_max_channel_error,avif_q100_444_bytes,avif_q100_444_encode_s,avif_q100_444_decode_s,avif_q100_444_pixel_exact,avif_q100_444_max_channel_error
sprite_sheet,sprites-d656db403e768009060b5f328dfe2ff665683e203d064d355ab3bc7e716ce6be.bmp.lzma,384,384,589824,49009,0.11908036400001265,0.004076412000017626,True,0,85888,0.18430180199999313,0.005978497999990395,True,0,28928,0.31640666100003045,0.003780457999994269,True,0,273392,0.1673619379999991,0.04794887700001027,False,2
sprite_sheet,sprites-5425eee4550baee19798d5102e30620358ec8f0405a856f0aae82c01b4720fac.bmp.lzma,384,384,589824,11087,0.022415479000017058,0.0016578569999978754,True,0,17919,0.041048364999994646,0.003533285999992586,True,0,6174,0.09326646499999924,0.0016481200000271201,True,0,14254,0.07956975700000157,0.007582452999997713,False,2
sprite_sheet,sprites-ee10c2a545f5b4bce1d6d9025111644a80bf963434411caf129c66bbb8bb33aa.bmp.lzma,384,384,589824,25529,0.03688043500000049,0.0017263990000060403,True,0,39795,0.06393491600005063,0.0032869269999764583,True,0,13388,0.052670407999983127,0.0016982299999881434,True,0,35729,0.12001539299996011,0.011535132999995312,False,2
sprite_sheet,sprites-25f862380bacad79e6efbe23fe36fd7353fe9885cf8c6723f9947d44a62f1768.bmp.lzma,384,384,589824,11602,0.019888485000024048,0.001518356999952175,True,0,19090,0.0441551929999946,0.0026523280000105842,True,0,5336,0.014570546000015838,0.0014232340000148724,True,0,19126,0.08503926299999875,0.00860234499998569,False,2
sprite_sheet,sprites-83ce0ea78a32d95298d3475e9bc39506add318acadfb447a39996fc4a3529a03.bmp.lzma,384,384,589824,36267,0.0679429680000112,0.0016501480000101765,True,0,75393,0.14734410200003367,0.003604378000034103,True,0,17452,0.03367612099998496,0.0017894800000135547,True,0,103238,0.23999233700004652,0.021352618000037182,False,2
sprite_sheet,sprites-7d13721951ba6f31de1c142e3cf1c81ff4e03d0ceb940a17d59b989aa3d75a66.bmp.lzma,384,384,589824,26157,0.03906532899998183,0.0016831780000075014,True,0,41502,0.08325437900003863,0.0030208050000055664,True,0,14510,0.08311826999999994,0.0017873549999762872,True,0,42737,0.1484273820000226,0.013844821000020602,False,2
sprite_sheet,sprites-5208f5de01fc45571641dc79d352346a854790e27cbcd67728aa43c2b1eb8d45.bmp.lzma,384,384,589824,13485,0.020414856000002146,0.0014193499999919368,True,0,18355,0.031199805999960972,0.0026464759999953458,True,0,7150,0.10000193400003354,0.0015281159999744887,True,0,21021,0.09252048500002275,0.008598094000035417,False,2
sprite_sheet,sprites-497dc63552a3c23af40936b2ca2933bcc81a72100b3ae591c5394a80b16af853.bmp.lzma,384,384,589824,19492,0.011387221000006775,0.0016523720000236608,True,0,22610,0.025098089999971762,0.0026065350000408216,True,0,11950,0.06339538100002073,0.0020719649999705325,True,0,20508,0.061786578000010195,0.009711973999969814,False,2
minimap,minimap-32-0996-0968-00-647ec7fa31e97660af8e822af00fff2f8012b86ed4365398c0a759bef5a8e837.bmp.lzma,512,512,1048576,2140,0.010153226999989329,0.0035403360000145767,True,0,2607,0.014403061999985312,0.0035219829999846297,True,0,750,0.011179016000028241,0.0016688300000282652,True,0,8013,0.06881896999999526,0.007766867000043476,False,2
minimap,minimap-32-0996-0984-05-1f6d0790d36538f5a9756ba06f58682525c40b227d388fe71751f94231a130f1.bmp.lzma,512,512,1048576,4456,0.020000854999977946,0.0032515610000132256,True,0,5900,0.03158827300001121,0.0045562520000430595,True,0,2116,0.01632485199996836,0.0020746900000290225,True,0,5545,0.09721165999997083,0.011015067999949224,False,2
minimap,minimap-32-0996-1016-02-bed1b65effbc3eefbb9f72df8b4b425bc6eba64522c4a194eb31cb7d11d16b89.bmp.lzma,512,512,1048576,2837,0.013849563000007947,0.003442828999993708,True,0,3567,0.0278943179999942,0.003946342999995522,True,0,1202,0.018053547000022263,0.0022947799999997187,True,0,18096,0.05256114200000184,0.009217356000021937,False,2
minimap,minimap-32-1012-0968-07-9a29ce74601388a11a68082700e3090a7d96fe5a3a4e1a132e1ddf01e1d5f730.bmp.lzma,512,512,1048576,33638,0.13842360500001405,0.0035515499999974054,True,0,48823,0.15772292899998774,0.00651100499999302,True,0,22464,0.04510381599999391,0.0032872840000095493,True,0,93172,0.1749780310000233,0.02532338499997877,False,2
minimap,minimap-32-1012-1000-04-1285b76a3f1885e04659b963cab84715061b949ae85d26d9f5fe15882e289372.bmp.lzma,512,512,1048576,4458,0.018611458000009407,0.0033457950000297387,True,0,5844,0.03025563599999259,0.00446405700000696,True,0,2112,0.01666981900001474,0.0019270299999902818,True,0,5666,0.08673424699998122,0.01049697199999855,False,2
minimap,minimap-32-1028-0968-01-c185f1e2fa6384f3c29c77a682dda52098374069deb3136cd0cd1d38f77fe68a.bmp.lzma,512,512,1048576,4964,0.02371454100000392,0.0032562449999886667,True,0,6683,0.0382166499999812,0.004373980999957894,True,0,2266,0.023041266999996424,0.002092712000035135,True,0,7457,0.08375715900001524,0.009492625000007138,False,2
minimap,minimap-32-1028-0984-06-e1491c09331f820e979531382eefcf5f6e512b9a676be02e78d814d6ff98b230.bmp.lzma,512,512,1048576,12977,0.05490354800002706,0.002875845999994908,True,0,18212,0.06923191599997836,0.005021363999958339,True,0,7794,0.018417315999954553,0.0022182279999469756,True,0,18788,0.13502338799997915,0.013705317000017203,False,2
minimap,minimap-32-1028-1016-03-f94f6e1be82117312761fc837cff59aa19c6f4cfe40f82ac131100d48af9387a.bmp.lzma,512,512,1048576,6547,0.02401126600000225,0.0032400480000092102,True,0,9094,0.042563484999959655,0.004623718999994253,True,0,3456,0.024268225000014354,0.0023616490000222257,True,0,10915,0.10010696500000904,0.011443074999988312,False,2
minimap,minimap-32-1044-0968-07-4987401d0d6893f858123075711026dad33b38ee4e40551e8181074d407a8130.bmp.lzma,512,512,1048576,17120,0.06966596099999833,0.0026659970000082467,True,0,24045,0.07888801199999307,0.005403027999989263,True,0,10592,0.024186752999980854,0.002817345000039495,True,0,54352,0.09950044900000421,0.014573223000013513,False,2
minimap,minimap-32-1044-1000-04-bc4b55a127eb11ebbb4d79bad3766d40dcd69241bf177fa3337108f6d6c74122.bmp.lzma,512,512,1048576,5751,0.027611170999989554,0.004006677000006675,True,0,8088,0.03870421400000623,0.00691570999998703,True,0,2998,0.021704762000013034,0.0019721240000194484,True,0,8445,0.10485492300000487,0.010069403999978022,False,2
minimap,minimap-32-1060-0968-03-c18936436b9c653bbbe36a203b1a7d575b3587020db08c2e4dbc8540c0e152ea.bmp.lzma,96,512,196608,391,0.0017597550000232332,0.0007967529999746148,True,0,432,0.002115548000006129,0.0006968760000063412,True,0,160,0.0031587009999611837,0.0005015030000095066,True,0,1446,0.014419339999960812,0.0033375559999626603,False,2
minimap,minimap-32-1060-1000-02-6be70c2b4f6deaa292b46705ca8bd1af005432bcb8a0385eed2ec0e4d29685fe.bmp.lzma,96,512,196608,291,0.0014443210000081308,0.0007480939999595648,True,0,292,0.0015382919999638034,0.0006871389999787425,True,0,62,0.0013847300000406904,0.000682605000008607,True,0,675,0.01341331399999035,0.003323475000001963,True,0
minimap,minimap-64-0996-0968-06-914a53eea3e70cdd69fdb0c5550093e8faaff41188d4b4a10e6f527046f9ed69.bmp.lzma,512,512,1048576,45870,0.08647337999997262,0.003378215999987333,True,0,74876,0.19679199000000835,0.00793304100000114,True,0,30014,0.07804831900000408,0.002911713999992571,True,0,87544,0.24375306000001729,0.020754500000009557,False,2
minimap,minimap-64-1028-0968-03-c473ac4c59299bebfecc90997fd95796647698cfdf6e738f387691b4283f81df.bmp.lzma,512,512,1048576,16069,0.032846665999954894,0.0031543350000333703,True,0,24611,0.0774894520000089,0.0051377930000171546,True,0,9702,0.059085010999979204,0.002346078000016405,True,0,27917,0.1253659000000198,0.013131135999969956,False,2
minimap,minimap-64-1060-0968-00-7f85e9822cb6865ee5e0a907d492c079244f538f05fa453646e0a0b8152ed70d.bmp.lzma,48,512,98304,234,0.000821298999994724,0.00044509899998956826,True,0,261,0.0010089919999813901,0.0004981019999945602,True,0,106,0.0021645439999815608,0.0004418760000248767,True,0,847,0.009220614000014393,0.002539650000016991,False,1
minimap,minimap-64-1060-1000-07-810726d88f196580335e50b3c4a59baaa79a5d365eaac8ed68f15e090144c063.bmp.lzma,48,512,98304,650,0.0014859899999919435,0.0002941680000390079,True,0,771,0.0020389270000009674,0.00039905500000259053,True,0,204,0.002079913000045508,0.0005467719999501242,True,0,901,0.0053816280000091865,0.00169519799999307,False,1
