path,floor,width,height,pixels,png_bytes,webp_bytes,saving_bytes,saving_percent,encode_ms,png_decode_ms,webp_decode_ms,entropy,rgba_equal,png_sha256,webp_sha256
build/full-map-atlas/tiles/z0/10_25.png,0,96,96,9216,3069,1922,1147,37.37373737373738,89.6803,0.0921,0.1448,2.61405663178174,True,57e9299274a1f87946262be859dc873bd4fbec779364b515533b5223c5882e8c,bed605811e1e09889a4187e7aa2496bb8ebd218a199dc3d5d83f3570284d8fc8
build/full-map-atlas/tiles/z0/252_250.png,0,608,96,58368,1260,750,510,40.476190476190474,4.8583,0.1644,0.2141,1.9253938340632994,True,004388ef2cf19335a2573b1f089da886d79d025933e9a661b61bc63128939b75,14dec2d7935bcda4905506d7a2d78d1246b28c07bf347a3e148f7bcd444341e7
build/full-map-atlas/tiles/z0/252_252.png,0,224,224,50176,13336,8736,4600,34.49310137972405,11.8532,0.2967,0.4925,4.663139872153097,True,62ed6af51f3c25fc294230b192cbed0d3b8c5da5c167bebf651e0e2d1803a24f,46b27426694457dfee559ace2f9d360a167dcd6805dfed45bed5c5df5fba1e4e
build/full-map-atlas/tiles/z0/254_249.png,0,3104,4032,12515328,3481896,1088564,2393332,68.73645852719324,3256.0577,30.1391,90.5457,5.403169090092677,True,21c6b9252a2458fc3289aa3ec97f2b639e651d94c31f89a9b1d4e1163152f1e9,397f48d7d98f1bef0c6c7551d255e616162e5d7556d53d084dfc754bfac76a88
build/full-map-atlas/tiles/z0/255_247.png,0,576,352,202752,16896,6960,9936,58.80681818181818,14.332,0.8889,1.3935,2.0895544351402267,True,badd68609f34e4f18f1ca9ce5ca370cda1db69f4be1af6580ec916488bdf0307,9a29ce09601836d84185b9ce4490aa337a8b551f48e1dae4d8762cb3d049ec6f
build/full-map-atlas/tiles/z0/256_244.png,0,544,192,104448,1998,796,1202,60.16016016016016,16.0301,0.4315,0.6175,1.7390727427279549,True,29af3c6eddb52433985973590a19d08560bbc8d57a4927184e81a90867222f9d,9a5b048860265b669b8301e028286cde37582605f60233c47493e8db060a4849
build/full-map-atlas/tiles/z0/257_255.png,0,2720,3488,9487360,680015,216990,463025,68.09040977037272,1473.5141,15.323,54.4798,2.0349405795273925,True,1c6c76595e7a3954f1e33640c5ad04f0e3fd349030e875d8f4574dd4623a0449,9c6d3edfd0362c0d390e6eb0063c437cd269c76a07e22575ad1d58daf79322db
build/full-map-atlas/tiles/z0/258_254.png,0,3808,4160,15841280,1133503,285630,847873,74.80112536093861,2415.2304,26.371,99.0042,2.3795597894602794,True,7f9895b1801e4ba19ccdd4b69be396e585b7256c99fd78890fac50c82f8bcc2d,e73d65d9f06f6a66aa7ae32ad444b94c8e97200feef3c524611049f0677ee586
build/full-map-atlas/tiles/z0/259_248.png,0,3200,2944,9420800,550752,257466,293286,53.25191737842078,1717.67,16.6538,59.9102,2.0898303846718904,True,2e4a175178ab71efbfc0967aed03798f7287519af95f77e296f7b0e41984a716,7b3e8480751df3c10c049776409fc7fd57d534c228a7577995c3ca9f72e5a63f
build/full-map-atlas/tiles/z0/262_244.png,0,2112,2976,6285312,381053,99144,281909,73.98157211726453,162.9813,12.1514,32.295,2.6448834571073787,True,35a6aed67ca5629da7816a7034013870a1f90c40c93ad23173a72c936ca37d33,37e0b23853fc3b83fe0f26140a89b5d994179ff8e0b96a9d6a913c92fdae887f
build/full-map-atlas/tiles/z0/263_249.png,0,320,352,112640,76886,51086,25800,33.556174075904586,189.9047,0.7522,1.4017,5.979592644197824,True,b46c66a1a79b97de06cdb1c2fb0f57d63ac6a349ae5fbe37e9366ce61bafd638,34a13736f1dc2c949cb728644a80746cc3cb69334a1fb702e4bde576a08703de
build/full-map-atlas/tiles/z0/80_78.png,0,256,256,65536,49911,26388,23523,47.129891206347295,18.5909,0.4414,0.596,4.914886536677793,True,edb4504a5d62705a750e65740ba6eb56bf13de872c0e9086181ff40c5ad5c4b6,94b7bc73746e65d1b4ed22d4901582ccf62e7e884c78a9c6af3e9cf57df358a7
build/full-map-atlas/tiles/z1/10_26.png,1,256,96,24576,1032,702,330,31.976744186046513,2.8512,0.0481,0.0954,2.0694230079066886,True,69033876a35fd8d8dbeb752b05c8c5a971238dc560218cf3111e9aa479759a26,d846ebd9284e9a950142a777658b4e8a1a487f79d45f92e8ea9262f6f77822df
build/full-map-atlas/tiles/z1/249_249.png,1,96,96,9216,821,542,279,33.982947624847746,1.4354,0.0434,0.0721,2.2043749965020556,True,60d1b31014b1ce15ed48aa550db4f6f854d6363635878644e08c9a4473b8b70b,6f55edf5deabf4a154df4fdaab404b45e1abb3cd8ccdea6124af49a99cf0f2ec
build/full-map-atlas/tiles/z1/251_243.png,1,1344,2688,3612672,2248668,769834,1478834,65.76488836947028,1130.263,14.3025,29.6129,5.691066787801628,True,0765574dcf84170b16d8e77d0a93933cf533c21ee39ed46445fb309059a7f918,7295cd9574ae4f9063cf98d23e194839221a8453469c9862073691e028dadd93
build/full-map-atlas/tiles/z1/252_250.png,1,640,320,204800,15212,4798,10414,68.45911122797791,9.2139,0.6685,0.8077,1.9198630051042078,True,e4c975af56bfc3e6945f7b2d3f4a5cf66b9f9752572332a4d7d2592df593db69,b598a08df7c931a1a44421c2ccb8c60c3dc88c9792377241b51399fd36f778e6
build/full-map-atlas/tiles/z1/252_257.png,1,512,160,81920,1981,600,1381,69.71226653205451,6.4843,0.2501,0.3345,1.7648085271781508,True,6d70a97c2fc17649ef5b4552c7f762f044a7456cad5c773d5f3652481fdf1199,804426761931296616f9296fe8d4b5c45b5072281b0ac6457433105cfb26d1ce
build/full-map-atlas/tiles/z1/253_248.png,1,256,96,24576,1032,702,330,31.976744186046513,2.8719,0.0535,0.1028,2.0694230079066886,True,69033876a35fd8d8dbeb752b05c8c5a971238dc560218cf3111e9aa479759a26,d846ebd9284e9a950142a777658b4e8a1a487f79d45f92e8ea9262f6f77822df
build/full-map-atlas/tiles/z1/255_245.png,1,544,480,261120,232258,114430,117828,50.731514092087245,457.2067,1.7238,3.6226,7.109490826010398,True,ff59870325318613ce9dc24917511312a9802cd956866aa08ab97abfb188ba85,0445a72e5ab5234a1ef70afae89dc0c19e38264e0437da3493a0f7de2eea0641
build/full-map-atlas/tiles/z1/255_249.png,1,1056,2560,2703360,1798604,188350,1610254,89.52798948517851,147.9195,14.2602,14.186,6.682019299213774,True,8aef32e688458787231c808ffd0211304cfa9a6874f30f428193e11435700173,ae0dc7c71556d29966733932637dc9740ffb081cca5b4f98e87ac75143264102
build/full-map-atlas/tiles/z1/257_246.png,1,2496,2944,7348224,1286639,629852,656787,51.046719398370485,1400.1173,15.5501,52.2185,2.5575960805181093,True,815a3d8ff14998715bfde4c8b60f010b0601a13d171faf5a07ff5b0efff5c83a,f39da56d803648484c488f5797e343f2e545172d840a645a8d67b67dc7c54f4e
build/full-map-atlas/tiles/z1/258_251.png,1,192,192,36864,5450,3614,1836,33.68807339449541,14.4871,0.0801,0.1488,3.5093648963110367,True,c1705a5cc8ced211958f1fe339216f1e71ac899ea1137e3b0c47d1cce36379f0,c4e5f395f53cf788a1c3b8e9d2c1e36042d39bf9469aaecbfd21209756d15c43
build/full-map-atlas/tiles/z1/258_255.png,1,1952,3968,7745536,3642708,546704,3096004,84.99182476333542,320.8851,26.3786,37.3471,4.481922017621621,True,3bb6810be372903220971d721b50429ccfd2f94970c691bc7d0206075878b9c6,cccfe3726b6bbdfb4b822b8a2e62cd570b1bb221f9ec063d143974ab86de0889
build/full-map-atlas/tiles/z1/260_245.png,1,1600,3168,5068800,125444,21880,103564,82.55795414687032,95.8311,8.3811,20.6011,2.0924329629620417,True,cf832908b9f6fef7a0cd3fe833c612fe80b4fed2f6d8eeb485eac6637394dd48,cec6003af05109f620f9e8d1ec375c067f0d113b1f91d6323fb577f73c01e36c
build/full-map-atlas/tiles/z1/260_251.png,1,256,96,24576,1032,702,330,31.976744186046513,2.3651,0.0963,0.2106,2.0694230079066886,True,69033876a35fd8d8dbeb752b05c8c5a971238dc560218cf3111e9aa479759a26,d846ebd9284e9a950142a777658b4e8a1a487f79d45f92e8ea9262f6f77822df
build/full-map-atlas/tiles/z1/262_243.png,1,2560,1408,3604480,1329146,321372,1007774,75.82116637299438,242.9022,10.6281,19.2534,4.526387689902993,True,3529e3010d70a36bf779af16856ea59001d67afe6620275e30ca46d2153d9687,c5376bbb6454ffbf193aeb39a34f7979a891c1d3f730a3ec6bf9c79e1c995100
build/full-map-atlas/tiles/z1/263_255.png,1,2400,1440,3456000,544593,158694,385899,70.86007348607124,94.1289,7.9464,17.0762,2.515733994274435,True,15e2219eb3d09ec748ce5c4521501b8ca206525d672e17ccbcbfafb074c76a71,5095ada7983b689a0c6a984472ac4fb2b930bd9e62083b165c39bd3660f2ff9b
build/full-map-atlas/tiles/z1/79_78.png,1,1504,2240,3368960,436717,99684,337033,77.17423411499895,724.009,6.6269,21.3931,2.725073713257678,True,8e87850ac63ece015e8d4c53901e69ea1ce4b4e58334e2451349c352700d854d,99a0ebbaf12c69a279e85984333a0a15803b91cd11a756c6611ea369846c3d62
build/full-map-atlas/tiles/z1/80_78.png,1,96,96,9216,116,40,76,65.51724137931035,0.5408,0.082,0.0812,1.584962500721156,True,67f067d0981f1cc3a85d670d36a5fb6e5740e7e673baa0c5d210b99f32682603,fe0e2bd9ce15b770c65764df659494d72bfa69468873c4a3df993b67b4e2bafb
build/full-map-atlas/tiles/z10/101_101.png,10,768,1504,1155072,4570,90,4480,98.03063457330416,6.8495,2.0981,4.3299,1.584962500721156,True,712f4f81a0386ed03e70c3ef13222abb72508433e3882017ee9282b4a12fcbbe,be0ffcf12594668e5e7fefec5be0638c982a73a32a9538335ec55710ac887b1a
build/full-map-atlas/tiles/z10/249_253.png,10,256,2528,647168,241268,9070,232198,96.2406949947776,37.5503,2.1153,2.936,6.254749768769803,True,a3809c7935e396fb8d677329cd5fc83cda5189363472ea3d5e7704196d8c1f07,37c883aa1a9603d6072bb7729cc33101a1e89bbf30f0dbb83437ef5c80cbbf18
build/full-map-atlas/tiles/z10/250_252.png,10,4160,4160,17305600,1563491,726444,837047,53.5370526597211,3524.19,35.4021,120.2473,3.3773612577017063,True,a78832a3e1368028203e89e7e9bd5424766c9c6cd23dfbd7cb432848d3f86d62,7fea5375889c2d95b854c26f91df7046f634f7c7a5439b6f731a0e420289814c
build/full-map-atlas/tiles/z10/251_249.png,10,4160,4160,17305600,4502629,2349462,2153167,47.82021792157426,3981.9641,45.2244,138.5211,4.850446474546388,True,59865539c0d53ef9d47f7e9441b70cab8632c87e4cf916d9a84d4bf28f35fc0a,dd7d2b82d1a500661386a483e42ebd82e9c4fa82dfbef4c22105298efbcd3b80
build/full-map-atlas/tiles/z10/252_245.png,10,480,2464,1182720,183177,4014,179163,97.8086768535351,48.2403,2.6602,4.832,4.64052843972964,True,812ffbf7df554ceceec774b59533d06af18a1dbdb1a247c3218af911945c1919,c5957812914a0011417fb3568ede28e9676e743a6fe2903bc39dd7f1b39266ea
build/full-map-atlas/tiles/z10/252_248.png,10,4160,3136,13045760,4152123,1595420,2556703,61.57580110223132,3252.6502,36.6347,104.0448,4.634771639852169,True,e69b9068f31df21a505c0ae1e48c3842c6a933b0067bcb11a6d0783f650d4a62,3bf9b1a45e6b50cb8455f15713ba4328fb838dad04aac1aef3141aeb953af20d
build/full-map-atlas/tiles/z10/253_247.png,10,4160,4160,17305600,6873490,3190598,3682892,53.58110654121851,5537.8057,54.7142,159.2614,6.839409416622687,True,f096f7f346bb5ca69af6324d7810df037560add3cde51cc1328bc565a3202ca5,f6fcc88a3b52aa242fd58272c528bd07b005623136c73e679862d73c2db66592
build/full-map-atlas/tiles/z10/253_255.png,10,4160,4160,17305600,2527968,1127394,1400574,55.40315383739035,3727.1236,35.4438,127.9791,4.176059559409827,True,77460399586195db82f4ad6b57a2d5b281f4547b9766a6dc820317ce56e0f211,976cae411046deee94166afa96cdfc2a3a9364b982ff4d0aa53033980e6e547f
build/full-map-atlas/tiles/z10/254_242.png,10,4160,1696,7055360,723066,196428,526638,72.83401515214379,1257.8778,15.1883,49.08,2.317099267240838,True,2eb8c9d9b52e2cdcd9eef6039860897ad166fb846830c9af318c2e2c75b15fea,254088fad51c03dfd21ed7dd4a0dc3aa25363c281379fee52d496b8b7b718ed9
build/full-map-atlas/tiles/z10/254_245.png,10,4160,4160,17305600,3337454,364356,2973098,89.08281582307951,799.0113,39.2416,77.5466,7.396561242077555,True,e439b2130ab0b42289658d34e191a8d8266fab55c295193e397e24e0e04b2647,ca6dab92e5a44e0be4e2a894af8d8a9d401b241549b4d4985b25b06857d1ab06
build/full-map-atlas/tiles/z10/254_255.png,10,4160,4160,17305600,10042708,5343586,4699122,46.791383359946344,5473.2444,68.5423,179.9189,6.2728765778197895,True,0ce7c51de657bc0fe79847348fcedfae9ab1967869648d45b30a1c71dd90ddb9,d869e5e83094fe50318cd188f07994d856d98b339874c933ca2328db40dcc464
build/full-map-atlas/tiles/z10/255_244.png,10,4160,4160,17305600,3927884,2010380,1917504,48.81773494329262,4350.0395,42.5282,143.7053,6.269441527732001,True,92995b9da41a37fa7aad92b602e77a8be59ece164883ba40cf7b280aa5a32207,b9cc2e6bc3e6a49fcff5e22bb1962fc2ae41c71ab894a45379c574c3d723abef
build/full-map-atlas/tiles/z10/255_250.png,10,4160,4160,17305600,6108588,3199570,2909018,47.62177445917125,4303.3862,51.8248,145.7453,4.955963877782694,True,5f03ac2a59ba345cee9b3e3bf3c190071084a992457f42541a95ccf813ddbeca,f5626e475f2375845c2c57670d415b2a26da898520de3de4bfa21be76c32c4e9
build/full-map-atlas/tiles/z10/255_256.png,10,4160,4160,17305600,4183028,1941282,2241746,53.59146532129357,3879.2937,45.5273,136.0792,5.295524970682744,True,f5393fb03c6956c875a26142cfc6134f7b5c9eabdbd06f343fee067d63ffc4ed,f74443abb1124813bd1c2ed94379e340b8917a952f9f80ea0d10bdf8d6d95b73
build/full-map-atlas/tiles/z10/256_243.png,10,2912,4160,12113920,2628883,940460,1688423,64.22587083563627,3470.5065,29.9997,98.1585,6.310539405249891,True,11daf491d47c0aebfce58df53e5d775b462b7c6b6bc4772d7ce5cb4fe04786df,0228beabe7bb8b4e654df6c117fecea85742e89d0b51b55a58d284ea601d788a
build/full-map-atlas/tiles/z10/256_257.png,10,4160,1568,6522880,2428637,1029080,1399557,57.62726171099263,1717.5522,19.6526,57.9536,5.66199818899754,True,1a19ab7b54d08cd7d61ece4e2c66a7d19f461ce0d76ab484c5c98090942b5120,fb8f93ee035aa4dc87596b6f3302adf45146d34d9f063359b1da3e7772b85cd3
build/full-map-atlas/tiles/z10/257_244.png,10,1792,3904,6995968,3881845,1334296,2547549,65.627272598468,2453.3005,30.5392,68.4887,7.665284055668582,True,a350cbb72efd6b49cf019d6a74005d30585c80a3104a68859a25df97afcf3334,bb91f54af99ae94e1ba018ef200bd3286a242ee47fbd473f22a25ee25a6cd50b
build/full-map-atlas/tiles/z10/257_256.png,10,4160,4160,17305600,4242305,2369784,1872521,44.1392356278014,4668.4387,43.8712,156.9498,5.941536316701317,True,64cb1afcdd4623c9355ab0395893beedf8a3eada2662c04293ea90c2e337d7c1,440eb0c288c703557f0f6bb3180acf320c78d0dce538e4f82e9eda581049efc1
build/full-map-atlas/tiles/z10/258_243.png,10,3616,4160,15042560,5815997,2955760,2860237,49.17879084187973,4497.8857,49.1928,143.0907,5.939218137996138,True,d64c93081498407787353ae69d4f983ae85c48f3c2f411cf932e5978c5886703,0048f485bd2e5f3c2482908cea4863d78d036da265baf36f4451860366f3938a
build/full-map-atlas/tiles/z10/258_254.png,10,4160,4160,17305600,6385280,2973416,3411864,53.43327152450637,4833.5109,51.1921,159.9391,6.612206159365674,True,821d548950b166fdeddb37da3fee8fa80fe1875372fdb0237e68f4ee05c0d305,1282ff2dade3c688096bc3ca6338540e4a3a72cd0b48141d4407c614d97c9040
build/full-map-atlas/tiles/z10/259_253.png,10,4160,4160,17305600,7843198,5363720,2479478,31.61309965654316,6091.1173,58.8942,185.3693,7.357897636580265,True,b78e162fb21a37b5ed97aac76f383fd2266403450a35716f5f708fe89661ca58,db312cdd2dea11c27735eb972f917c17e4c3895b127814105c9a2153f108d5ca
build/full-map-atlas/tiles/z10/260_252.png,10,4160,4160,17305600,4725823,1870096,2855727,60.428141299409646,4125.6472,46.5363,142.7709,5.6279764373394805,True,ec17c8572798c8fd755535c40e34e211521f95dc5e2e0a121a3703bfb46805aa,9624a35cb8d0108cad33d2883131d79fc11c0016ab4718c278094e3e20a4e376
build/full-map-atlas/tiles/z10/261_251.png,10,3680,4064,14955520,3472178,1981226,1490952,42.93996448338766,3666.5141,36.7863,128.7504,4.858067573419707,True,a78030e07aa9b8318fb6a4bfcf3f66f0c66e92a3d8cc6ec18eb6b53a9396721c,1f1bb7b77b0f7c86b8f4f83eda065d9ae9bb00d0e07b9d19bd3d4a82ca32f229
build/full-map-atlas/tiles/z10/262_245.png,10,4160,3872,16107520,2691003,752188,1938815,72.0480430530921,951.8687,36.3969,82.3404,4.5914149712471675,True,d437d5bd1a11513d2608b84461e66051080cd37530da291e060a258254b955eb,fc616a235638b71b214b9e8f321dd782a14deda80ff6384f0b2c9003cbd20fa9
build/full-map-atlas/tiles/z10/262_246.png,10,4160,2592,10782720,1969690,585912,1383778,70.25359320502211,710.513,25.9482,58.1686,4.579720054127294,True,3ad574831cd512e54f9191cf853cc77dc371df0c3e57b33b4982eb57b5580fbd,2c8160b3ca8d9a62b35e4f88070990921396ee187588f4a7e59352562b841ce0
build/full-map-atlas/tiles/z10/262_253.png,10,4160,4160,17305600,2151104,400386,1750718,81.38695293207581,566.5269,37.4719,79.5172,4.289326875703834,True,7cc7e58f1dec2fa98b8f283ce76f7aa5c042de05289b52b1a1cb99eaa9489d5f,04e1afbe94baa375d6c1df325d7b2aa0ec1987880219236ab560a57629b85f1d
build/full-map-atlas/tiles/z10/263_255.png,10,4160,4160,17305600,2500306,248252,2252054,90.07113529304013,400.668,32.7038,67.3986,3.70904755034455,True,f5e95f5e043a0d7b30609e7aceec0e20e735d968ef4244d66824accd71c382de,67fe67b7dfad8cad401418ef87b8fe7ba3d787303a593f9a3a6941d16bbd705f
build/full-map-atlas/tiles/z10/264_246.png,10,2368,992,2349056,458215,98488,359727,78.50615977215936,135.2592,4.7748,10.4895,6.74800339840314,True,ec756973fa6df59d63875fff553a4d88b2554985cbc6ad30fa4bf18ad1a840e1,6d2a6b6c6138d46b8f3b6f4a4cd91cebee3adb96b0e5e00f55dff623339aeed0
build/full-map-atlas/tiles/z10/265_243.png,10,4160,4160,17305600,1658648,959922,698726,42.126237755087274,3430.1756,32.2142,125.8263,3.093875089943779,True,48093accb2a828c66eb6f7602684b607f0d9c6347f536ddeaa974fc9bae42e4e,0c978f6cc4537ef6b97fbe04a46d7397b04a4a12c941990a508d46c9a63532e7
build/full-map-atlas/tiles/z10/80_80.png,10,96,96,9216,116,40,76,65.51724137931035,0.5497,0.0453,0.074,1.584962500721156,True,67f067d0981f1cc3a85d670d36a5fb6e5740e7e673baa0c5d210b99f32682603,fe0e2bd9ce15b770c65764df659494d72bfa69468873c4a3df993b67b4e2bafb
build/full-map-atlas/tiles/z10/94_94.png,10,3136,288,903168,3581,78,3503,97.82183747556549,4.8803,1.618,3.8101,1.584962500721156,True,665b15662392e9b9291090a70d9dc8ba9e3d862688c466cc0e72ce46986e6eef,b232f43c5f222f1cef6449463b6b0be727aadb7a5134e45725708e3e269158b5
build/full-map-atlas/tiles/z11/108_109.png,11,96,96,9216,116,40,76,65.51724137931035,0.6565,0.0373,0.0905,1.584962500721156,True,67f067d0981f1cc3a85d670d36a5fb6e5740e7e673baa0c5d210b99f32682603,fe0e2bd9ce15b770c65764df659494d72bfa69468873c4a3df993b67b4e2bafb
build/full-map-atlas/tiles/z11/249_255.png,11,3104,1440,4469760,1456167,663336,792831,54.446433685147376,1265.785,12.963,42.148,6.579105572985046,True,e55f2889bdb3bdad597e8997ca286c32e90bc4e776c01645a1a2668bea275646,d041b84484f4c3dcc11afd80e4a60cf39fed18304f01c8298ab1465778707b9c
build/full-map-atlas/tiles/z11/250_256.png,11,1536,640,983040,561598,342730,218868,38.97236101268167,746.9422,4.0597,11.2266,5.7661486059715426,True,946fce1de795f3bd5991cf3dbcee73a7545f7e5ddbe3137aa2f6972deadcbbdc,86ee9c141fd954b333347b12530450772196a145a157d9835211b10de3379b23
build/full-map-atlas/tiles/z11/252_243.png,11,2656,3520,9349120,895914,62530,833384,93.02053545317966,174.4185,18.4206,40.4357,2.280584508193503,True,af4ce65959f26553ea4f23363a877e4ca9dfa45447ca8149e2b0c74156316e92,93b0c2fd9b05f86c332fd51eeb14e7c34035624bcd225fc13d5a115e7fcf65fb
build/full-map-atlas/tiles/z11/252_250.png,11,1856,4160,7720960,3292557,1067456,2225101,67.57972603055923,2012.7522,26.0092,64.1326,5.139958657632558,True,86e2f93d812276108fd5d947ed20cdcd4f2662ce8a539bd74ffc30964a3cbba2,ce479f0708719d1e24511931407a0606e79df2d6c0d55ad5142d2af4325f6ac0
build/full-map-atlas/tiles/z11/252_257.png,11,1728,3136,5419008,1092393,318494,773899,70.84437560475031,243.9661,13.2019,25.539,4.7286403307681795,True,af9d6a793bbce7d76bae648d0c0852df7329fe28a7228d701f26f2fe4babb139,1f44129cb6abad54c2b5363379a83e714db2b4e0a260e7d579fc02220d965575
build/full-map-atlas/tiles/z11/253_256.png,11,4160,4160,17305600,2956374,1588092,1368282,46.28243923130159,4094.3695,35.7434,135.1448,5.795121504767733,True,bbbac63a38796243f39b514138134cc7fad8d28feae1ee1b1e275851e3540a44,6951e09b5f07d1a9b5f33a2c8aabcf97a5091e3fa23c5b6b8f189068a28d0fda
build/full-map-atlas/tiles/z11/254_256.png,11,4160,4160,17305600,555334,91076,464258,83.59977959210133,2913.625,27.8802,111.3498,3.065696299079715,True,11eab5a581c05ae82342df3123f0e9daad279554c80fa6ab2fd70aad41561ccf,d9903a3f5f5bedd021eade22c79b84ecd59387e6727e1be9b089f9242bbb93d3
build/full-map-atlas/tiles/z11/255_254.png,11,4160,4160,17305600,3405743,912032,2493711,73.22076269407292,3977.8721,38.6932,132.0363,4.963315348876689,True,f4f46bc4dd3a70857762042b4937d99385ec96cc5350949ad2a456c0a9b01a2f,fd5b88157aca505068fcea3da9dde96b83ff3827438f00eeb37991a639648f81
build/full-map-atlas/tiles/z11/255_257.png,11,4160,1088,4526080,942455,236172,706283,74.94076640263991,213.6393,11.0663,23.0421,5.2067442739191305,True,4e92876d34fca47b6c999a57ab1a7874bd1491004542ce1a9b3c3001bc75406b,169f73dc6a232783fedc57b0c0c1f20d12aff10393794d9eef9a10eba94fbb2f
build/full-map-atlas/tiles/z11/256_256.png,11,4160,4160,17305600,3879985,1750656,2129329,54.87982556633595,5157.8164,38.8414,137.1349,7.397038040270301,True,4deb6dc94683a12d13894a4ae3fc8334537c1b3a527fe26fe4dfb9b0c9791837,de05a92d4d18a6364808b11c9b565e84efb3fc5e0edf76282b047c86d716bf85
build/full-map-atlas/tiles/z11/257_255.png,11,4160,4160,17305600,3647426,2169486,1477940,40.520081833051584,4061.7292,41.4973,154.7697,5.5371831077250535,True,84354fd83a326ed25d9401cf2bcb3370242b708191a5cad256e2f1a0b1167a0c,bb11b36fdadea42781b5807671d89fcf885114a96f78abbaacf12e6c3894b955
build/full-map-atlas/tiles/z11/258_249.png,11,4160,4160,17305600,5250323,1538176,3712147,70.70321197381571,1654.9603,47.661,97.6384,6.526896899732567,True,87a1673634da198dbdf3b76e122955b01672ddbc744181fc06b2f8d2a3f5152b,880cb78e72b1da1135a702fe3e57dc5f0ac264125c121d4f11348bd9bc069458
build/full-map-atlas/tiles/z11/258_254.png,11,4160,4160,17305600,5889335,2874126,3015209,51.19778379052983,5873.573,50.7268,169.4304,7.741289700588874,True,dd3b70e3239120e9df483134c20831c3b0697ae6f31b59318d8b066b8741f001,6c695bfa231677a3cfa09a4450afbb57188b7c0d6e792d487f55562517edc477
build/full-map-atlas/tiles/z11/259_252.png,11,4160,4160,17305600,8527837,5729668,2798169,32.81217734344594,5805.6428,59.292,179.4524,6.9553790599637875,True,291c79c1619fe36f360315d9b2be32bc2d00c758309d93d84601c1fd8692e53b,da2677250b3d0ccc49a9f16d0ff9753cded02ad10b6eda537827726acf00e7f7
build/full-map-atlas/tiles/z11/260_251.png,11,4160,1792,7454720,971461,481548,489913,50.430537098246866,1595.1335,15.2905,55.1127,3.520002072603277,True,6d3aeed796e027f38b8fa5080fb11ff853ad338b7b6ecf9f16df41e6e9687926,ccbe4df66e03db07fac0490262f47ed12f19a71b89231362bc666c542e567441
build/full-map-atlas/tiles/z11/261_252.png,11,4160,4160,17305600,7013986,3858538,3155448,44.98794266198991,4769.6448,54.1541,151.8581,6.57738812169428,True,c4a54f51b6ff703dda4f0f4aaea3a9da9169562198a50fe22fa5fe99eb87088a,0efbf18cf09f021427cb99c10ea895d469f8f7eb75a8b51817cd6a29700e398d
build/full-map-atlas/tiles/z11/261_256.png,11,3840,3648,14008320,2997836,482034,2515802,83.9206013938054,603.9753,35.1444,66.5944,5.400234908260987,True,c135b220aa07bde82689195a0a723464cf8c5de0109ce2b7f3ea2d7480daf7e4,ad7c42da20d7100b812f1690c62938c117fef693bbfd3144184d1638d1ca2e0a
build/full-map-atlas/tiles/z11/262_252.png,11,4160,3776,15708160,2005973,248028,1757945,87.63552650010743,400.2727,27.8399,60.5098,4.889841239383089,True,df9545d43895efec8ec3e9d42d772b595e35953855f02dbd04f47ea8ffcd420c,b2c7803321e56d0b2febc904873a0b34c46c2a26573b11343b687b3168d95b5c
build/full-map-atlas/tiles/z11/263_256.png,11,480,224,107520,50047,15252,34795,69.52464683197795,11.4944,0.2928,0.4103,5.884056522324394,True,2a11ad2f24a3826333ffee5f3b69af81cb740f9e770d05ce4967632da449f3f6,24c93e7070d7499810a00cdf1dcd717d41b11d2f285ed10779ab8fa6e5f047e1
build/full-map-atlas/tiles/z11/264_252.png,11,3776,3424,12929024,8542021,3107710,5434311,63.618562867031116,4573.7863,58.3909,128.0806,7.737740346118109,True,4491926153e8600c7105e2e3ad62fe977c03da8c8c9e47fa377fff2143eb7229,92cdd0d31d5434e54662bf6a3a6d28cd57a7388dc6b32c4c2308a08895b5953b
build/full-map-atlas/tiles/z11/265_245.png,11,2720,3552,9661440,2049491,233662,1815829,88.59902287933932,422.5326,24.1922,46.4886,5.773466981237544,True,ee6cd242ffc3edc4bb3853f7fde760d8503e0e69d5535b0414403fefd1082105,4e692f4854726504c5c2bf37212d2bdaa6cf46976f93d9b4e281ab08810dbfff
build/full-map-atlas/tiles/z11/265_250.png,11,256,576,147456,44772,22986,21786,48.659876708657194,37.0985,0.8367,0.9689,4.999150167684584,True,05f26c06faadb08b95585b41911c9140e33e8fbe3e139b178e2f9589fd8f87a8,a1ede88b192d6626dcc87c4c904f58be53e0005e57138b5d3f532d7d45d3f0e0
build/full-map-atlas/tiles/z11/266_246.png,11,2688,3136,8429568,2626956,367334,2259622,86.01674333334856,498.4382,22.4728,41.1708,7.165450196903233,True,b1f1b7904572aceee2c82ee155d2480bf5e0590a2801031c6e43706a7044701c,3ae84fd0b62caeab00bd1242e78e81cf3f920e9ad7cf9180c69f7678c292b438
build/full-map-atlas/tiles/z12/248_254.png,12,128,192,24576,13920,8458,5462,39.23850574712644,12.0098,0.1903,0.2859,5.047765685339806,True,a477044522b45ecbb079529567996374ff5bbac8575a05ec56cc5c9607b33b28,f522ede06b96a1d6dd1e3bd2c6795ecfd54e8ccc4ddc58f2319badbeb5ba4a44
build/full-map-atlas/tiles/z12/249_251.png,12,2048,4160,8519680,3130299,1132538,1997761,63.820133476067305,2150.6597,25.8426,68.6583,4.930954562366652,True,41b308fd2a76f208477963db4f6f3ace959ae3572170870e27125e8573d6289b,f443216791fa0ad0f00ff6af8a1aaa985cbc2f0fad4211630b8fe0fd3309eaad
build/full-map-atlas/tiles/z12/250_254.png,12,3776,4160,15708160,5251141,1607388,3643753,69.38973834448551,4558.3986,46.4729,132.8585,6.698589557386109,True,48019ba130211584492b566a044b66021fb015218ab5ec78081c27a7a6b47cc1,36796951cefb986abeef64d8b558a959dd52ac64d2995a66ad7323d65a5d966f
build/full-map-atlas/tiles/z12/251_255.png,12,4160,3104,12912640,7182445,2765958,4416487,61.49002185189027,4503.7206,49.754,116.728,8.068992382308165,True,dcf8722c8dacec80314b0febbfad407de50afc8d4000de7bb8ea0d6d8c93b571,5208859ab38079f5f4808837b5bb562b4ecbe9a1756048c0a5e27127e1c24910
build/full-map-atlas/tiles/z12/252_252.png,12,1408,768,1081344,369772,212352,157420,42.57217961338338,398.8798,3.7459,10.7155,6.298067322298877,True,2721af5ce1d9dafe8ec6352f8db05aa1d33921d0c02df2a418de58acc372403a,9d293694718ee7925a7fe1002a413ef63f54f32ae78b8a2c8edc39853b3b1911
build/full-map-atlas/tiles/z12/252_255.png,12,4000,2880,11520000,5342616,701532,4641084,86.86912928048731,768.7189,38.8512,59.5314,7.141494129930053,True,cf7f5ec4ebe5af1c73bb56e4ce7061479fbf37bcc136dad77f580e4f955e4fa7,2d0527d9c96aed5ac3caac726f9f0e04af091a08b41aa541ce31e22dda566490
build/full-map-atlas/tiles/z12/253_256.png,12,4096,2016,8257536,1215201,172238,1042963,85.8263776938959,441.9554,18.2357,38.2288,6.692262599651462,True,748e6b18b4624a48274ef66c15662cd346cad5afa2f9af8a31dad0479c031f7d,249db3311c9a3e59c4c3e0d9b376065ba185e6b25d7374258b1b41fe50db582f
build/full-map-atlas/tiles/z12/254_247.png,12,4160,4160,17305600,4982167,2539512,2442655,49.02796313331127,4544.0871,45.0778,147.1798,5.123687134192949,True,c08ee818ae9e6b95bb9e47f84da889f0d9f13d69e8d6a00a7ab3dd9869902306,847872ce6ff96d99cbe5e82c4810924d2337a5649ac11f2d8ff609bde878d707
build/full-map-atlas/tiles/z12/254_256.png,12,4160,4128,17172480,1187830,289372,898458,75.63860148337726,3174.2617,30.4371,119.735,4.490393009911402,True,4c352a5bacbd2be158698405dfe39973ed67e189d91965237693227f5d46cb56,9582959ac7039d32e0ea6086a8a16fb220f384fa645730d4a5f856b909735218
build/full-map-atlas/tiles/z12/255_255.png,12,4160,3744,15575040,2920688,1064698,1855990,63.54632881019815,4489.8689,37.6771,124.7281,5.927524655923258,True,8e9623b0cc46459de45c228230ca85a1337e30b84eb230160b81ca2d93e5ff39,f8804e43b3b77c64d3fb697cf6e32886b4c418d0bdae14d93b11bd423e4fbbb9
build/full-map-atlas/tiles/z12/255_256.png,12,3040,2656,8074240,3053188,1150500,1902688,62.31807540184227,1998.9393,24.6334,69.1927,5.8016339645143,True,3184bd39c30654209a2a9cfb42497fed7a141e89d90f04e63006ae5e5b246698,a0a0916c64032adc2d11faad09fe2436d6fc692a52d056583ceeb666f867c215
build/full-map-atlas/tiles/z12/256_256.png,12,1600,2208,3532800,848720,140758,707962,83.41526062776887,105.8935,9.6384,15.6633,3.327686012634689,True,d283f9e8b17a4a1066ac09f7fc10be78a4b3cc46462e678091b6cb8d9e789257,d1d15d82d325850cd2f460a88c3feb14200a9cef80c06d121c069972193df542
build/full-map-atlas/tiles/z12/257_254.png,12,1088,3936,4282368,1562610,210372,1352238,86.53713978535912,994.9196,13.0979,30.5837,6.218127924735593,True,eed74e945ae44220230563a9e3a4ab3f33ba8904b3196398d31db27d190b0149,6f69f1548ebd62643f31e48ad651bbcc3af8b46e787e2b2c3fc583862d7d74a3
build/full-map-atlas/tiles/z12/258_253.png,12,3904,4160,16240640,7393461,3342694,4050767,54.78850838599135,4602.9962,52.6015,144.4757,5.722030699546203,True,e6ca4351065a0b03eca3152b96f3c843161f9f5ab028d0f7e22b4f9c2401181e,486aec84c863400a3b4e8a65c3586445545bafc97c1bb70bc4d0f05a8db5be40
build/full-map-atlas/tiles/z12/258_255.png,12,4160,4160,17305600,1939959,161830,1778129,91.65807112418355,690.0841,32.6353,74.9751,5.696220052433141,True,e089686ff1adcaf9b3cfe9419dd8b42ccd6e936d428e7f2aaf9ed31b5007ab3f,4aea799c2656760fc88f24e8d027d842f46ff011f86b782335cd9979e1975350
build/full-map-atlas/tiles/z12/259_251.png,12,4160,1312,5457920,979102,315940,663162,67.73165615022745,1069.7516,13.566,41.822,4.551914139348195,True,b6ef840c0e5471252d26d7bf743d63f33bb129652991ad5b42b19fc260444adf,ba1968ea8982e5847e713f202ff1b3c479cdd9ad3886e304c1c7663f3c2af3f6
build/full-map-atlas/tiles/z12/259_257.png,12,3776,3136,11841536,405039,24490,380549,93.9536686590674,306.1613,18.2228,46.6934,3.971449584633925,True,5a9059d1b875494f8f8651bf1735ff4a004d01d30d4d7bb5662180b49368480e,2071e8a7fcbdec33966ef0e9f24270494f94cf4e91b1cb9db50df0b82b81300e
build/full-map-atlas/tiles/z12/260_250.png,12,3552,1088,3864576,381769,196510,185259,48.5264649565575,964.7877,7.9987,25.1711,3.6347168761209514,True,12156539b8f98a389c415b14da27bd5966c44a0789bfa507aa5e8bd4e4015bcd,788542548c5743cc1a66ec24116e55f5bf99ad6a5ccd7fcf6cba5202abda9c57
build/full-map-atlas/tiles/z12/261_250.png,12,4160,3936,16373760,2802934,345588,2457346,87.6704909926527,567.8744,35.0308,72.2302,6.339775709288146,True,0c9ed1a2af067e6e6b25ae7e1a5f05ca891e0f265808a9ae7e5d18b600fdf377,ae256308de1f2857ab2332d394880bb62b0ef47404a6a76a131321572481b14b
build/full-map-atlas/tiles/z12/261_254.png,12,2176,1216,2646016,130405,39628,90777,69.6115946474445,63.0974,4.6206,11.063,1.9498306954323332,True,6d373c031aeafe8a53f8d7fff6b34b6c6c630bf083afa8ebbef6c13e0665bc81,95d523fc6d0cde46bc189245c220c08a06faab093bb66c24482b6fb3efa29653
build/full-map-atlas/tiles/z12/262_249.png,12,4160,4160,17305600,8144941,4891642,3253299,39.94257294190345,5714.2271,57.3982,183.0156,8.056658702605088,True,e4aecbd9aa7943e6b4aa3d6284a8ccc7d31438210bc2e3c0ee9f50ac5b921bc5,caf70ae75d9dc9918cb3f7db90297555d24a7a650b441e2833f637f86feffaf8
build/full-map-atlas/tiles/z12/263_257.png,12,4160,3072,12779520,1221717,33494,1188223,97.2584485605095,448.2271,20.7291,48.0698,6.756859122855357,True,8646b48468f2df55da0c8f32633267a2baa93a318e36ce9bbfa5ebe1642d1180,5e9b911ae035efd3ebdda9e89065bffbd759ff94e6fa450709b350041e785811
build/full-map-atlas/tiles/z12/265_249.png,12,672,1632,1096704,247827,9738,238089,96.07064605551453,34.6088,2.4148,4.3044,5.289904184228701,True,6828b83d56ca84e862f9be411567e5e14304a01d5d4f59c9a7202f4315e9a447,f50d061c6f232e07789bb1d861b3ff89eb75a328768de633aadf4992ae9b07ae
build/full-map-atlas/tiles/z12/94_93.png,12,96,96,9216,116,40,76,65.51724137931035,0.5657,0.0344,0.0592,1.584962500721156,True,67f067d0981f1cc3a85d670d36a5fb6e5740e7e673baa0c5d210b99f32682603,fe0e2bd9ce15b770c65764df659494d72bfa69468873c4a3df993b67b4e2bafb
build/full-map-atlas/tiles/z13/249_249.png,13,928,2880,2672640,1039400,86084,953316,91.71791418125842,95.382,7.9425,11.2031,5.684696710595433,True,a74f5e119a7c48bfc7e38ec1e6607dd11967dc9161d059c589fd957af9f16047,fc958b5a5d96e6f0d8c89a12f0231b42272e8ea5e7f1136216b343f06854fad0
build/full-map-atlas/tiles/z13/250_243.png,13,864,832,718848,365974,62708,303266,82.86544945815822,35.0576,2.6536,3.5891,6.7366141102569514,True,03357fb11adb954f75f5c31b35b05aa9358799a66e9cb48cad82d724f9e88179,b384181cf2ae9fd864b19a412ed34d0da94de59942932acca5e5733a7c4d556c
build/full-map-atlas/tiles/z13/251_248.png,13,2080,1984,4126720,1018073,152328,865745,85.03761518083674,168.4262,9.6791,27.227,5.454518260871813,True,0c5a7fc2e23470e0d1415584ed868dbf1f21912891d1108c20e95d64f44def05,15b556857b532b7d6622bd2e8374f3dd409914d296e1c8b205d0bed38240f030
build/full-map-atlas/tiles/z13/252_248.png,13,4160,2784,11581440,1336925,258016,1078909,80.70078725433363,231.4363,20.322,42.9628,3.087697206472046,True,5abe512fa98b807837f58f92da4b88e47ce7175bd4dc52598b877e865b988e0c,f860a67d4e49c9cfe3b8c5b154882ecb6a27070be67c1fe8015d2f103a044f74
build/full-map-atlas/tiles/z13/252_251.png,13,3968,2400,9523200,2726198,936448,1789750,65.65003715797606,2068.2295,24.7174,73.3186,4.383341372306836,True,848ea9f50aa6bcff70a6797177b5e7a5799272a3f4bde4bf847c513de9e8a0d1,b2de97b77ee1b23390aadf9ef3e44dbd849d2759e0c8eeb3f7f4bbbcb1f7cad6
build/full-map-atlas/tiles/z13/253_245.png,13,4160,3936,16373760,3844301,1291168,2553133,66.41345201637436,3501.5606,37.097,123.781,4.849255936973217,True,861c5c7a73bb2de1e399dad250b278f3ef272ab729dd008b67d0046290a1398c,22deba8a565ebd667284e8928bb7d0468c2cedcc94e1dae584cdaa1d49b4225b
build/full-map-atlas/tiles/z13/253_255.png,13,4064,4160,16906240,2891728,587300,2304428,79.69034432007436,745.9684,34.6974,78.4761,5.139655236377075,True,710e643d0f6f884d04123bda9907b7663e6bf18ff645e0a63748a595be791dbf,a94d50eabb04a17dfffb75f4c1d5de466c0788437fae445ab8543794e04fdb3b
build/full-map-atlas/tiles/z13/254_257.png,13,1184,1472,1742848,247339,57532,189807,76.7396164777896,96.284,3.9725,7.8172,5.366407457158308,True,5e5969db28c459bd717a572bfec826c83abf042edfb55642daeb0203813eff08,6a6064c5e6b691b1ba0b107ca229371ab62dc1e453ebff2e430a907e4f851578
build/full-map-atlas/tiles/z13/256_243.png,13,416,2624,1091584,1169846,116064,1053782,90.07869411871306,337.435,8.451,8.5747,7.424268366245368,True,0799a7c7311e908090c7f4b81b6b74678ccc6fdfc45fc61fc3d5eddb38c5e165,fe1b162a5922d4423f4a50f16f4bc1c2326064a0f0d1be90a19281676f280d32
build/full-map-atlas/tiles/z13/256_245.png,13,3200,3712,11878400,3005933,752384,2253549,74.9700342622407,2333.1324,27.82,82.9467,4.119489223308504,True,0c5514122005391724db4aaed1e4a6e732a7e84a8319c6ad1d6049974ee469ac,cb28d6b57a769d1a62718dd30fef1ce54dea618b950cdeffa40a019ce327e600
build/full-map-atlas/tiles/z13/256_251.png,13,4160,1280,5324800,348595,63260,285335,81.85286650697802,196.1056,9.3949,22.1823,5.0132039054285285,True,6929bb9cdac1682f6dc8c9080664101a1ab7f9cd1bc0b292dc22abbec00e0692,c5f80c1cc557b0bd88a39922c4067eddbae32e785e218900c69ca7ee6f7ce402
build/full-map-atlas/tiles/z13/257_246.png,13,4160,3552,14776320,5989447,3813926,2175521,36.32256867787627,4075.3557,46.6621,137.8306,5.470592098885642,True,c6a86caa0f5ab2a15df1f0f256442ce7ccf2dc17e795af3206f2d92d8c76bfaa,565d171414c106ac9c671cb4fb83a3968e07e2ccc06dc110b539caabe12bded0
build/full-map-atlas/tiles/z13/258_247.png,13,3552,4160,14776320,2943394,933662,2009732,68.27940805750097,3385.5285,33.0632,111.009,5.279439184368837,True,c75355e87906f31be098d6e177be2bdd43c6adae836676dc82a0f3b7a20378b4,fd9df855a791080be1ce6247566399f0896e8023c44b460d945371a697ed462e
build/full-map-atlas/tiles/z13/259_243.png,13,4160,3456,14376960,4878831,1732372,3146459,64.492067874456,4205.945,41.2851,125.2164,7.074615873299232,True,00536bf0e2ece292f5a07f93e0bba7cb2aec3cf4378fc76224d8c48cc8a96c5e,2e2bb6187d534f4d08863964fffa48bf441d444965817e7d7b4164c81a64d34d
build/full-map-atlas/tiles/z13/259_246.png,13,4160,4160,17305600,2263612,1395732,867880,38.34049298201282,3703.8049,31.9643,115.9469,4.5990036579046665,True,736e7ffdd55872b783cff2678311f1cefb65aa1a4282da8bdb84413dba310854,d2d42d4e719fe73f85fd12ff3a83b06681c51b45ab40a4f8b7acddb4a63e41d7
build/full-map-atlas/tiles/z13/260_245.png,13,4160,4160,17305600,6657136,1223040,5434096,81.62813558262893,1214.3784,52.2823,95.14,7.978857897867322,True,3f4239fc5fe8cb599d86363c23447fbbbc4ad813f6466d6f029f9b4ca7319f1c,bbe922bdd775ddd9e21dbd3082e19ed50b53194690926a98604f481276935018
build/full-map-atlas/tiles/z13/261_244.png,13,4160,4160,17305600,1739843,518658,1221185,70.18937915662505,717.0641,35.7679,81.6978,3.5890819055125145,True,dd12cd956406c001d050e15623561d813035ecd43d7e2029ff78911db040707d,9f3acf38b8e38e7b0288a0acbef3ad92762a747a8f87813724cba7e31412fc06
build/full-map-atlas/tiles/z13/261_252.png,13,3264,2496,8146944,3243620,472472,2771148,85.43380543960143,511.2442,24.4377,38.7238,7.302226238990167,True,2ee3cf6d94b33555ea7604ee1e91f7463a69d83f3951afef0b1618e4363596f7,a0ff0bcf12e7f065441d758019bbd34bc594ce142265e9a9827c754013173d62
build/full-map-atlas/tiles/z13/261_253.png,13,2624,3264,8564736,1954370,1176924,777446,39.779877914622105,2219.4574,21.9979,73.5325,4.785358420897302,True,88cd7d8ff2711ba502935b1440a76596763f9a196b7ee800d4d16f860c0a1f50,3bfde27b84bacac3c67fee83e1486c3263c8529a77394b2020dbe868ea9422c4
build/full-map-atlas/tiles/z13/262_244.png,13,1984,4160,8253440,1200652,502828,697824,58.12042123779413,583.0703,16.6885,42.1328,4.7910151372174274,True,bed2c8cb1a52db9b9eab54c769ce2c8146d7b3d890be201792e78b081be57b42,111a3d7cea1c8f3aaba9d179dc040ec61c80d6dfc3769c4b3aa0a90d9726d22d
build/full-map-atlas/tiles/z13/263_253.png,13,576,704,405504,116270,8622,107648,92.58450159112411,25.6483,1.0645,2.0619,6.70327483634319,True,78590a02d3a9692b517cee9d728dad6cd78149e2b9576038c0037232c6383bd8,15bfc0b2aa728fd1a176417b525d5cfa758ed56e7e29972a0e6e9a2e11fc8f9a
build/full-map-atlas/tiles/z13/266_247.png,13,800,576,460800,159311,51518,107793,67.66199446365913,61.7453,1.4738,2.6213,5.897873572047393,True,fb039cc7f002ab3c4aef9b207c8da53046be741d428e08350c5b718a48d665ed,d39e28d31d82f0efd515eaed492cb1f40acaabf9e5b924d2861702fca12b34d8
build/full-map-atlas/tiles/z13/95_93.png,13,2144,3008,6449152,25155,310,24845,98.76764062810574,31.9008,9.4013,22.8491,1.584962500721156,True,10582a83d9d649893281ac524bfe64b19e6e2c5273b19d466dd5f8b996be1ee3,c564a866711243486831decf42e20994fb9aecc1c46dc25cd34dee8bbacc56fe
build/full-map-atlas/tiles/z14/249_249.png,14,1088,3040,3307520,1542126,168708,1373418,89.06003789573614,189.8666,12.067,16.8895,7.266158228987882,True,3933b0811d018f03f2ca0fbed147febc26ed45b038bdd145eb22cd71bf57d179,8e851e64ecfed26183788afabce553feb1df52049f98ddf487c389b23456156f
build/full-map-atlas/tiles/z14/250_254.png,14,3520,3424,12052480,6175658,1874556,4301102,69.64605229110809,3419.1573,42.8994,99.1506,7.085605625329624,True,8f239cfeb06c8a7b806580cfa1ff5de0518f41dd5ef4449cc6294b6564efcbf5,f2627c7297de8c481161bf4bd19ad5f2f9206d914ae921a26bd1d5c99c9b19ce
build/full-map-atlas/tiles/z14/252_242.png,14,2688,3264,8773632,3500020,1433656,2066364,59.0386340649482,2273.0814,27.049,71.2505,5.988778034400979,True,45db9d85b9d8159026d4335c15a823eab6d0b7262702d3dbb6d6f6e5b9395a4f,d2c269937b5f1c7b43d0ba8b9ef6545fc436deb7cf5a852d2e078a567aa0bce5
build/full-map-atlas/tiles/z14/253_250.png,14,4160,4160,17305600,8683483,5070508,3612975,41.60744024028146,5251.4536,59.0058,171.3783,5.857406904091885,True,e437e668c334ee4b3d961381802d8b00618dd45534547410e399558e8e28f668,2cf6e4f36d86940b239d3d3b0382ca3219b5fe3a83fcb5cf561309095b0c2e03
build/full-map-atlas/tiles/z14/253_255.png,14,4000,4160,16640000,1957468,404126,1553342,79.35465611698378,553.9882,31.2382,74.4639,3.992614287149272,True,068cf99058f22ecc24d41d607919d63583d2dd909ac94769ec6c1328960f7fa0,ffa923e8384937f8437e7cbf3682bf26588574d7fb9cb55c576bf7beb8641d86
build/full-map-atlas/tiles/z14/254_248.png,14,4160,2592,10782720,1723246,405180,1318066,76.48739645993665,441.4489,21.8195,46.5249,6.4767739641893645,True,488b3547ddaa058b9c7477df7d4df1f383f7f6be2b21249cf4ca1f8bbd1cd18a,eba1d0d2936c1df3142b41e2de94f8290f808c2738a4af7d3f88b349f8c27637
build/full-map-atlas/tiles/z14/254_254.png,14,4160,3424,14243840,3053664,463544,2590120,84.82007188741132,826.075,33.7396,66.737,7.652854157047018,True,80e28afef9ebbccad8e4c021b1f1193e48d57bff8efa385bf6127242ab93ba95,b82bd5c375d3e5157aca459c2f83296e923a42d28f6ed861edd0d220f011cf19
build/full-map-atlas/tiles/z14/255_249.png,14,2112,4160,8785920,3054665,854668,2199997,72.02089263470789,2295.9116,25.9919,79.1587,6.743607773573289,True,ad25e14bd87c60aa818dbedaa58d4a5d398957559fa29d063a4d5ae620188642,6102a661777a660862958aefca1f00c6df63440df02c782c091fc43c30c5bd52
build/full-map-atlas/tiles/z14/255_255.png,14,2368,4160,9850880,2705329,857968,1847361,68.286001443817,2247.956,23.7116,65.5442,4.776673336960197,True,49d48a26018cf41d2bd6fd1b0aac437173fbc9686bfcb5e4f14b6ed699e97bd2,ea6c1d2e2ce90e7e87151fb3c917cb67405690a8dc245616d87ccac95af7c666
build/full-map-atlas/tiles/z14/257_244.png,14,352,128,45056,34322,17510,16812,48.983159489540235,5.4519,0.28,0.3374,5.476916708474876,True,8e201ad82f17b27a57f2dc5cc3201b37a8c8147a4a9841b725fa6dada7dfef43,a36e4883274a7ac1ba228e5df45697e016359b480da14bcbb73d1470b637dfc2
build/full-map-atlas/tiles/z14/257_245.png,14,2368,2816,6668288,938398,31986,906412,96.59142496041126,176.2278,12.3086,24.8037,5.78079776123461,True,6902b16b82614a76cb447a868723284e8e157fba9fda26842abff67ca9e9f9d1,0695aad2f33ce978fe1129d660f89b69590eaa3bf5fa0b8a052018d8ceac6100
build/full-map-atlas/tiles/z14/257_247.png,14,4160,2112,8785920,1229434,151286,1078148,87.69466274724792,238.489,16.5895,36.9959,4.42886597662384,True,0b8e77ff864287b5755b268d05b7d6e2066e33c12b2868913230851ad30a6db4,7f7705731c19702e8adbb981b806b4e625c249b3c888d81eedbab84b5bbaeff4
build/full-map-atlas/tiles/z14/257_251.png,14,1184,1632,1932288,153236,11346,141890,92.59573468375578,70.273,3.3688,7.442,3.632965621712173,True,8ad167ed64aaef7086595e4572fb4687aab798d2dc7a7f353a2d584d4ea5641b,914f30af880828852fc4eaf91ee83b38bac12c28f1620875833635d10f46fde9
build/full-map-atlas/tiles/z14/260_242.png,14,4160,3616,15042560,5328786,1458948,3869838,72.62138130523537,3883.3706,42.7166,115.7862,5.150177719933471,True,721098a451aa95cc79be90bef3e578f9b5480c85cdd7e93d6c9e5b54dd8fd472,f10c34fbcc23a11a142532d4898fd76ecba03fb32bfdf53c2770fcc4be785aa3
build/full-map-atlas/tiles/z14/261_248.png,14,4160,4160,17305600,4427189,966420,3460769,78.17079867157241,852.7262,42.7073,83.9518,3.6300765537586197,True,3c956deac6c14066e6ec92145264f99349056669c043c10b7fce00b42cd22d41,05bd25d6235427619e5bd489e02819197bd68157a8f189b1d84475dfc120790c
build/full-map-atlas/tiles/z14/262_257.png,14,4160,3328,13844480,14932421,14778804,153617,1.0287481179374731,7298.3286,77.9465,230.7425,8.246659469789211,True,c4be9a043cd6dfd9bda4e1babc0d474347ad306bfbf0675ab5b0af084563d5d4,997960857e1eb6fff72cf88fd8f76f9bdb6e578a18790521c58a9f4aad5079d4
build/full-map-atlas/tiles/z14/263_256.png,14,4160,4128,17172480,14012754,14282468,-269714,-1.9247751013112768,7948.1459,78.2053,259.6956,7.743645669313791,True,5a69949ddc1de5b40e64e3b0b7164cc6d26b590fa8198b61d7a9b90af2d793db,28997f6f258c23940fa882db4b9d38af9423243e790cdc88a22bedf699f8768a
build/full-map-atlas/tiles/z14/265_253.png,14,4160,1088,4526080,1136065,160212,975853,85.89763789923992,156.332,13.3521,22.2077,4.8712682881652976,True,fc7672ebb88ede3ecb8ed548656ec689d8857db7f92d07df4daf56b8b078ba6e,466ce0ada7cb988de6372c2fc8beb9efb6cdaedd66cc0d74cde0c6ee432dd584
build/full-map-atlas/tiles/z14/95_93.png,14,928,1216,1128448,4467,88,4379,98.02999776136109,5.5725,2.0086,4.8174,1.584962500721156,True,34f9f71c360c06234c203a59dc71699307259dfd66b12219dd67b35a53151fc3,e1c8e27ea522379ca283ad35c1afb308c2ad218f67689992c5c9da8fae138339
build/full-map-atlas/tiles/z15/130_128.png,15,224,224,50176,21558,14642,6916,32.08089804249003,9.4007,0.2527,0.3773,3.957949565094832,True,de893867fa788bb7ba2bcde3fe32ed8d01cc229be9290652aa2aadcc3ff489d7,f473aed6425617a1445199cb3a2060afad2fc4445bce4e90ee0465be0440ef57
build/full-map-atlas/tiles/z15/254_242.png,15,1184,1056,1250304,488586,188244,300342,61.471675406172096,421.6506,4.0236,9.8993,4.346901637766354,True,6996e715e3ded5185214f9ca7b211cf120d8ece820d2626d868ca92fe639f3db,9824cadb40f6f948e16a8d056c8d03e51af3cf33a860f7133436a25aa6dfbb4b
build/full-map-atlas/tiles/z15/256_257.png,15,3136,1088,3411968,410322,29986,380336,92.69208085357353,151.7374,6.2595,14.4333,6.555887711517738,True,290fc6eba622df7dd57ea51f9344028e1ee5eec781a9578334d0c35965ad5775,d7f75ce29eaec0785e42e6ec8c72cf0946c13e86873ed7280fd0e479ae1ade62
build/full-map-atlas/tiles/z15/259_256.png,15,4160,4160,17305600,5591580,2935252,2656328,47.505857020734744,5161.9962,48.2565,170.078,7.241074229532647,True,9e444eef1e3ac128534fbbee891cecd45a00a09a49ebc6c18007e35681f2e78d,2b276753ef315ac663a58628b3d7b198a265365ec156f188c76032fca3218b3c
build/full-map-atlas/tiles/z15/262_249.png,15,4160,3072,12779520,3806877,440484,3366393,88.42925579155828,666.608,38.6315,61.1974,7.168528052872652,True,7903aa76b0be895cd21fe39a985def908a03f293d6803d1e7ef88b95245e5b93,3f3466830aca3c2ab9f8547e0a41dd7d33ad5da3f544c9a5e957456828cbeddb
build/full-map-atlas/tiles/z15/266_248.png,15,2112,1920,4055040,538396,128896,409500,76.05925749819835,198.2255,9.4747,19.9975,4.098694338297969,True,524b06d50047ba309514423885a893965a25c6bdd4336316785580b0928cce57,392469964956f2be953749a2e69f3de0076141ad9b1b7870bc9cd6fa9a39e2a7
build/full-map-atlas/tiles/z15/266_250.png,15,1856,832,1544192,131886,38624,93262,70.71410157257024,82.6415,3.2912,7.8967,4.796874732378217,True,05ed935402e945519287f044ab17f3bec703dab783f51ecf151a4bf3ad0d3179,d12b522493500992e4d1cd5719d3f962a3b7769ae455be22fff826fc303b24d7
build/full-map-atlas/tiles/z2/10_26.png,2,288,192,55296,5612,2860,2752,49.03777619387028,8.2245,0.1397,0.3431,2.2010269763915176,True,488970bdaddcf43653921ff81785dad5ca07272e25289d7a471f0aaf0472c708,09e9491056efbbee4bd3f938830408f59df2c0b5df75198fc5d69cece0fde746
build/full-map-atlas/tiles/z2/249_257.png,2,2528,1824,4611072,1885893,279388,1606505,85.18537371950582,236.3759,15.5427,21.9616,5.045953375152958,True,68bd28ec507abced7519f4e828a2958c3040f05ebd235d420fde9b2cc511d76a,74429a6c41338369daae3b5c64a1f68d315c997d02ac714b71bc804d0fe088ee
build/full-map-atlas/tiles/z2/252_251.png,2,896,768,688128,42976,24086,18890,43.95476545048399,337.0896,1.4704,5.0459,1.992177828625445,True,d59e94de70026bc7de491e4a454122c42163dde1eec94a520463a62b9eb096fa,84b0d786204e6b7a1690b568dc3130e7f6033546504ae6aa5cf1ed0b81a33b06
build/full-map-atlas/tiles/z2/255_249.png,2,1056,2560,2703360,2333175,681834,1651341,70.77655983798901,1119.8934,15.1458,28.2408,7.281922755854895,True,c133395ead3d9dc05d2edd70fecf5b77eab635d7dbccf8cdb93d7341211f0040,4e7f048fa8bb96230f7c9a28a7d44ddaab3def8153e1283266a3dd6eb691f548
build/full-map-atlas/tiles/z2/255_252.png,2,928,960,890880,14026,4672,9354,66.69043205475545,18.517,1.6511,4.2341,1.6394404098874071,True,44df4c25bc5997e369a800131825cf1f5829b5cd6656e27a78d201f7949a5aa3,02753d0c7da784ad20e157a19c6afa9ff7bc7c02bb133b370ebf8b29c65df6ef
build/full-map-atlas/tiles/z2/257_245.png,2,3456,2560,8847360,3658152,2116320,1541832,42.147838580791614,2766.559,28.9627,87.191,4.678316805598074,True,83b71e56a2c4b497210ae60f77bcbf1bb27f639a2354d9d3a1cb6fbfad9aa9da,1269d034e460bc8b440e0bf472931e9e87413945d28e338749af4fdbe25c6633
build/full-map-atlas/tiles/z2/258_246.png,2,320,288,92160,66729,61862,4867,7.293680408817756,210.447,0.6012,1.6485,6.037558025429102,True,d7b6703ae84a0ad16d0ec34d991e12dfa4234359befd8054af5f5ca64be6a164,8b58a939cbd4ec3f931a21626c8fc786d110fbbdca24936684c93b8533ed50f8
build/full-map-atlas/tiles/z2/258_253.png,2,1664,2688,4472832,815619,191524,624095,76.51795752673736,132.464,10.9819,22.0893,2.7881090122331953,True,78ee62c928ed686f7594f755a2c1e885bd9807bab713655fb153c5b458ab52fd,1bf369922589b7986d1d99541789b8b12e592624e508e4708170fee6da96a8c1
build/full-map-atlas/tiles/z2/260_244.png,2,3488,2656,9264128,1884071,680692,1203379,63.871212921381414,1921.2766,22.1233,69.9801,2.9041899574360723,True,2c4483ae9001458e4cf98debfaf4d61634222c4a64c0737fb108c75ff141e255,55a0627039eb2f4f2b8a169b0552b3777cfa1eaaf9da313681c04d2abffd6da0
build/full-map-atlas/tiles/z2/261_251.png,2,384,160,61440,7909,5426,2483,31.39461373119231,13.7941,0.127,0.3138,3.131609194215746,True,42911a4157b7566078fb04e2cd6f68d70f137435e4c3b0e11337927fe999f70a,f91302902dfbdb1684a6b683a334015622a5ab22c1cfbaaeae62091bcfd42948
build/full-map-atlas/tiles/z2/261_254.png,2,192,128,24576,3214,2028,1186,36.90105787181083,7.9548,0.0746,0.1372,2.339260850026615,True,7b07de2de9f6ed0e18bfe9bc6adc009463023dc4fde255a2349d1e0f736d6ccc,2746db780d16a9d69b70626d091e58e09ab7343f099f77ae1d417db1746f5b63
build/full-map-atlas/tiles/z2/264_255.png,2,736,736,541696,282213,184114,98099,34.760624067636854,395.2611,2.5728,6.3318,4.687465634159554,True,57a185e37225f39ce90ba83017263f7c152c87549826963b83a2b30cd8fc9dea,0f8f0e6cf7f4d18a066edda2e51a3346043c2199921d0193acf5b6ab7c5e2a64
build/full-map-atlas/tiles/z2/40_42.png,2,256,416,106496,12714,3714,9000,70.78810759792354,11.2224,0.2097,0.423,2.266141345721198,True,f71c7f93f708fe324f02d1471eb026db118a99391fd644525a7046ef9c42e43f,9f3d29c47b151f522cabec8598c02c3f6cb68b2510bbd58fc803fce44e688a22
build/full-map-atlas/tiles/z3/10_26.png,3,288,256,73728,8228,2846,5382,65.41079241614001,9.701,0.1017,0.2387,2.223749297086953,True,f01f122866bd7ad0d0a92cab790d3cd0cea02c3ef5ff06ac17c5e50471340a30,9146d9c3e389dccd7d76f40eb7f63787f168b1b1b6aef70aa823e55ed093bebb
build/full-map-atlas/tiles/z3/250_242.png,3,1984,2848,5650432,919570,520240,399330,43.42573159193971,1140.3887,11.6935,42.7924,2.3430097319069314,True,716354fa529b9cdd8d89d8b8d938513f48db1fe6dad8ad90e38ad1ba6c6078e7,eba5909f23389cacc8419ea76989fce96f6166ba35667eb3bff88fcfd3382aa8
build/full-map-atlas/tiles/z3/252_245.png,3,3424,1856,6354944,503544,256776,246768,49.00624374434012,1037.9829,12.031,45.8309,1.9244441059545458,True,b9888f28569c19a532abdab4d3d4da57a1900fd9616463aeca9ae61998a3843b,b67f47d5f1d326cb808de6c19c3ef13bbba3742630ee56bc99e25e90f901101d
build/full-map-atlas/tiles/z3/253_251.png,3,192,192,36864,15218,8996,6222,40.88579313970298,15.4471,0.3547,0.4013,4.456841988492927,True,c195ccc9f761df44d1149424e82d004174055e8297e80cb569137777e4ff47b5,efd2dd8d285d5d9db89554dbc835a11174d4a31d1c56dad8abe786aff171763c
build/full-map-atlas/tiles/z3/255_249.png,3,1056,2560,2703360,1731281,428122,1303159,75.27137420210815,959.0303,12.1756,23.6296,7.135991390071868,True,6f053b8007162631be13c16c9e13292c14ecbe0735ef34f15c3668306c4a6d11,290d0fcf7df17b4ccdc3bdc75220c575d7725629e9ccd4e733944ffb42f48f3d
build/full-map-atlas/tiles/z3/255_251.png,3,448,480,215040,102290,37154,65136,63.67777886401408,409.7785,1.1382,1.6772,6.204408799797123,True,a6d06ff09254d9ebec55a39197d486b81c5d92cd88f26dca2fa7622c0341a13f,8b244dffa49238ca9a17e0147e4191e84edd2bc188a75d029fcbbb6525bee38e
build/full-map-atlas/tiles/z3/258_251.png,3,1408,2016,2838528,273904,91158,182746,66.71899643670776,85.1391,5.5212,13.7998,2.482474898797181,True,01d5481a92d955d7351847ab64e6cdd54cfc6d2fc29101d3b05852d5e8eb48bf,c1bbac02c1bc39cb412bef14bea5ca068e584ed0ee6ead055e10bdcb96682380
build/full-map-atlas/tiles/z3/260_248.png,3,1248,960,1198080,236792,108542,128250,54.161458157370184,289.8063,3.1359,9.7375,2.659582201010368,True,d2a4e5ed1498d7eb0fbb97be4b70dac927b6b12176e0b43ee7b6c84e4845c0ff,abd4672e367298196d492e475ca961f350c33a7825637070c6fd2cff3f7fc5d3
build/full-map-atlas/tiles/z3/261_255.png,3,160,512,81920,5493,2380,3113,56.672128163116696,7.0626,0.1688,0.2984,2.606974809708781,True,62521e1d23140b8b66ef8b4025cc2d2ca0b647944af65d78068bc98700c8ec4d,04b8cfef2617f8cac8a50c50f3ab69594ade19faf619d786b34621466b085d44
build/full-map-atlas/tiles/z3/93_94.png,3,96,96,9216,116,40,76,65.51724137931035,0.7071,0.0662,0.1211,1.584962500721156,True,67f067d0981f1cc3a85d670d36a5fb6e5740e7e673baa0c5d210b99f32682603,fe0e2bd9ce15b770c65764df659494d72bfa69468873c4a3df993b67b4e2bafb
build/full-map-atlas/tiles/z4/10_26.png,4,288,320,92160,12814,4942,7872,61.43280786639613,9.9256,0.2028,0.4417,2.4991645056863803,True,b59c403058fe78bce35fa6ef9bb00376c27ffd78964a44ca53d7e176bf8abe1a,cf4d81f9afe8c527358a7ff7b434346a3fe95a1d87fa9f84abf964fac48b1cb2
build/full-map-atlas/tiles/z4/252_247.png,4,3648,2208,8054784,431943,163396,268547,62.1718606390195,1539.6122,14.4773,57.5051,1.9112790402840618,True,4b7a800442168c278026172adb0d4580ed4de94821211414513e92e12df1840b,9c10ca807df436e040b26618b17f4d123304635281e72ddef3243d215275d656
build/full-map-atlas/tiles/z4/255_247.png,4,3200,2944,9420800,942864,717340,225524,23.919038164570924,2069.8958,18.1269,73.0616,2.3188508177552545,True,85ebe5d59ff5b6918056a200472cc45e23e1330d96950839ce7d15a2ce427a91,85123a6b2d32122b6f64a88b82b8b78ddb6a450d74a57901e4b614219076eed2
build/full-map-atlas/tiles/z4/258_248.png,4,288,544,156672,133903,65154,68749,51.34238964026198,300.6806,0.9133,1.7381,4.826004376426829,True,e05aa85c6b778b919e2574c26f258b5010b81b5f3f308887c80fea9e34aa91e6,4483ddfd8681569a54393574c34abb1774c347b9f1e0b88e59095305b5abe45b
build/full-map-atlas/tiles/z4/261_255.png,4,480,416,199680,196945,71504,125441,63.6934169438168,21.9491,1.2828,1.1913,6.2354925365490015,True,1541dc9c3cc92e12001a315dfe530a438f2ae8f981d1afd75301fa5662473946,587da2d992d0f323ef5c20d938fc802c2dadbf8246a747cc428632e3ff3760fb
build/full-map-atlas/tiles/z4/263_248.png,4,1056,800,844800,819444,149670,669774,81.73517653433304,86.3263,5.3641,6.0322,7.275748473998371,True,2fae46c27d72402eeac644a96c6b90e017bf1cc17f45945feaefb1c8087cc16d,3ef3f8355a25d08e683158dbc53bc345562b9c5aa047be2a8df8e4828152c6a4
build/full-map-atlas/tiles/z4/265_246.png,4,1472,1984,2920448,348750,143588,205162,58.82781362007169,835.618,6.102,23.4309,3.3173255242542323,True,0e09d86d2052c6576d74f3cea6eb83649ea8e873f218cbe561cd5757bb3619b2,9b52517c69674e841d400334af89d58ee47e860df38056f3250d363c2c17d32a
build/full-map-atlas/tiles/z4/265_251.png,4,416,2400,998400,54264,22678,31586,58.20802005012531,27.7636,2.224,4.9458,1.815643035337138,True,da5507af40f8f663be82b5e753383174d7c7cf84b21310118aafc16778b9b194,b427973e754d3e635b389f39629198caa1854ebc4acb7206a1dee710e6331b00
build/full-map-atlas/tiles/z5/108_109.png,5,416,448,186368,803,48,755,94.02241594022416,2.6214,0.1708,0.5285,1.584962500721156,True,20b8d385dbf49c8e5a44ddac1f31fe5858250d0eefb8d2827c63d36242a850cf,1ee372adf210ceef18e5f358fd3306db178f5dc2c36403fdaddf88dc968ee638
build/full-map-atlas/tiles/z5/252_244.png,5,4160,4160,17305600,3319474,1383844,1935630,58.31134691821656,3479.5205,39.8283,130.424,2.8909445140426904,True,67a6434f20a780f76edf24dfc505ff4904fd609d396a37b73fca68e69f9f34f5,4aa58c35df26e3e375db3703bd3b79c270fbec9c57914a174650a634c1fe8eb3
build/full-map-atlas/tiles/z5/255_247.png,5,3232,3488,11273216,2910893,2324668,586225,20.139008888337703,2657.9125,28.7524,96.7138,3.1210495589007983,True,409ceeed1d761b1759dbea4ff19e2319666ac6f4fca4cc6677c817ecfdd7143c,071adfa84374fe0ff77dcacb785060bdcff86773459bd1b78e21745163e97518
build/full-map-atlas/tiles/z5/258_250.png,5,1888,3424,6464512,417845,276244,141601,33.888403594634376,1337.3837,12.7757,49.0206,2.2066561262891855,True,49bb5c4fb470f25476726ac5e63e9e70e55142644783ef926b58d130ae05952d,d5ce6ac3c432d062367a1a67a9b387edce40463483185e1e158b83d87efc8583
build/full-map-atlas/tiles/z5/262_244.png,5,2624,3552,9320448,1728264,407248,1321016,76.43600746182297,444.5737,23.8141,47.3065,3.369956609800454,True,ed4ba45c769eb0600414bb73f00efdb8f4463d19b51b40bcac332698d8954d86,bcf0742f69001161b59d9e487fadf623ce7060848edcb558e7990397b957fd49
build/full-map-atlas/tiles/z5/8_8.png,5,1632,1824,2976768,260632,142680,117952,45.256146597501456,761.0668,7.4674,25.3455,2.5954489708881,True,3b9392210590b234b5b4b1f662928069de05dc23a754eddf80e4cea4d5872957,e1866b78c68255a3053df4b50a4c0679a63cc4b60c780e0ced9d4888ec1d0b79
build/full-map-atlas/tiles/z6/109_108.png,6,96,96,9216,116,40,76,65.51724137931035,0.5883,0.0714,0.1353,1.584962500721156,True,67f067d0981f1cc3a85d670d36a5fb6e5740e7e673baa0c5d210b99f32682603,fe0e2bd9ce15b770c65764df659494d72bfa69468873c4a3df993b67b4e2bafb
build/full-map-atlas/tiles/z6/250_252.png,6,1792,3808,6823936,1014572,700434,314138,30.962612806188226,1511.3821,14.4218,52.9678,2.5869541155296574,True,634c3a4a1490ab1cffbee4d1e4de97734d46d20bb18c828d15962de1acac19cd,a13c9b407c14db1b59bdba737ce3b52f9d2358b401c28cab3de27cbe84253ee6
build/full-map-atlas/tiles/z6/252_243.png,6,4160,4160,17305600,3895197,2038886,1856311,47.65640864890787,3836.9441,40.1464,142.2925,3.4204443058278713,True,31dc1211043bc13ac5d4c1852ab9c8fc174eca865a2fe45269bbc7ddaa5b8cb6,460cc6592855a2410c05ebd68ca671a32400834ed2d42bd56da114258a26b7dc
build/full-map-atlas/tiles/z6/252_248.png,6,3808,3616,13769728,4726373,2734602,1991771,42.141637995985505,3897.353,43.1077,133.3011,4.6469739609321525,True,ca133d528e8a30903b28b1b87dd906699be0e5e71fed04e1836045d786a7f749,20cc45cb2fa2bcd9bc89469077ecc59bf3ac73feedd767c698fb69cf5c15cde0
build/full-map-atlas/tiles/z6/255_247.png,6,3232,3488,11273216,4831588,3758520,1073068,22.209426797152407,3427.3614,33.5891,107.2487,4.200966998865204,True,d0fc305d739aea9e79ed3895674adfbb872b6dc3c5dfc388298b55e43fb2d288,0647953f43810f1915917c8d37a9c7c0dfff141c79eeef9001a7a953ea5aaf33
build/full-map-atlas/tiles/z6/255_250.png,6,4128,4000,16512000,1462641,707906,754735,51.60083711587464,3208.8299,30.5073,109.3003,2.0942023623496064,True,971489d90435b3ddb7704d5447881ccd9592285ebe43bcfd0a97af3f7bfadd5d,b60be149d52b850fb241676092b09ffe86e22049ff0e439d9683110d3b3b4667
build/full-map-atlas/tiles/z6/258_251.png,6,4000,2752,11008000,2805230,1662152,1143078,40.74810265111952,2557.5032,26.2601,85.7712,3.3439678600688527,True,5dd28d604559aa05e396dec625e75942789c8712ddaf5f2fd1769234e2649aa7,65200bcd33112f70ac9c2713955ccd6d3f6c4542a941ebb880066d2d3ffc56ef
build/full-map-atlas/tiles/z6/262_245.png,6,4128,2848,11756544,4768873,2526670,2242203,47.017460938884305,3455.2365,33.1593,95.7383,4.859477479834174,True,449aa1675fc4ba3b182265fe51c187e491873c3f41ce9b46cea26107337d9be6,e288d8cf356aad6d1e65c6804caea4d5b3ba0fac74e344feb84aad3c7ce0cb6f
build/full-map-atlas/tiles/z6/8_8.png,6,1664,2080,3461120,841612,543142,298470,35.46408558813325,878.0978,9.0017,31.4651,3.799223979152276,True,e2809ee301dd585702ad2b158ebde2b5fe3e3f10d8540dda0bd666396c6ad7db,226f46565cc0b1c9048ef8153e1deaee88fa5f2992372280d1d37240a3a99012
build/full-map-atlas/tiles/z7/108_108.png,7,768,256,196608,842,48,794,94.29928741092637,2.1806,0.1769,0.5385,1.584962500721156,True,5700b3634b5fa55e213faf66c0a757f0f6753e72b11162a4d626dbc0c026eeb0,89472b9c708f26aa477b1f7bbe49b8c4567e64944536728c17e12da6b722a30d
build/full-map-atlas/tiles/z7/108_109.png,7,2368,480,1136640,4498,88,4410,98.04357492218764,5.7525,1.7135,4.0486,1.584962500721156,True,773cfc08555de2b47ca224482c5201f909b9f79fc45067cb941fa4d08891617f,34e4773cde216049a1b0b3baa9bc10d3fadc5450830ee04d82cf025dbaec6cf9
build/full-map-atlas/tiles/z7/109_109.png,7,2464,2912,7175168,27968,342,27626,98.77717391304348,35.5429,10.555,26.1207,1.584962500721156,True,7f5d0eddc78d651c4879d3a9d341c064634ce945465ca9bba6d842f5fb7d847b,8dd58a547029a756efd1805ab337b2b527258e022e337d3a21196543c899e0ae
build/full-map-atlas/tiles/z7/248_247.png,7,416,4160,1730560,190224,2122,188102,98.88447304230802,56.4118,3.0598,6.4838,4.793204300952181,True,2ab26b4309312598394bb3eeb9e262b0dab83be208ed6ca8122aa9c373a0a9a3,d5f9a4943a87ec4e3bf516e7e3c59eeaa86fe8a9802dec889e4c20e8b111eef7
build/full-map-atlas/tiles/z7/251_250.png,7,4160,4160,17305600,7108061,6811198,296863,4.176427298527686,5462.4824,47.9012,171.1081,6.461160127690997,True,08b306a7c5e3407946e2afede76c02b3373cb167a3eba6d260ff9e1d68bdf8c9,0d5845ad4164dbd64aabb11ef7bf373da908289441cd828aff6951b278f660eb
build/full-map-atlas/tiles/z7/253_242.png,7,4160,4160,17305600,4982450,2816972,2165478,43.46211201316621,4464.8165,44.1103,136.3118,6.258538404150647,True,4afca1947d2db00472646146c3eb0f65441dbf213be940317cbd896fa1d6af60,d7c4bd553c0695e7fbee5aeff763362b5763fadb33617fdd0a1f13d6d6ccfce4
build/full-map-atlas/tiles/z7/255_247.png,7,4160,4160,17305600,15738805,15043266,695539,4.4192618181621794,7738.176,82.0763,247.7316,7.73451365988149,True,f89d7524282d81947e73e55f3716563f289ee8b1de0ce2a269d5cdc483b6d80a,b4c3ec7d292b015dbb9c825ed6db4803e38eee7a0b61f6af59dee32bf994c235
build/full-map-atlas/tiles/z7/256_254.png,7,4160,4160,17305600,21460635,21278824,181811,0.8471836923744335,8034.3712,99.4863,312.6525,8.317845361664466,True,eb2e8771db73da7709ca35adf6c56e73641056b7334ee511b532572c5b5a3d4f,25dd1f8fd8c01ddda4cbb1086eb9a7c2b5eb33b5e8443be6b9768a909ce110f3
build/full-map-atlas/tiles/z7/259_244.png,7,4160,4160,17305600,14629606,12385716,2243890,15.338007052274682,7606.7417,83.8617,228.2885,8.553769302038104,True,b4315fa90a1d51506dae56e0ff044bd74a5fbfb170f922c5d5cfcb6b2faae50a,1b275047e343b3998ddc0d96f3a81af4b9971fa4df907a6bde8719ff41a80c01
build/full-map-atlas/tiles/z7/260_247.png,7,4160,4160,17305600,5494868,1534684,3960184,72.0705938704988,1390.6741,44.43,90.6974,5.848804103562023,True,e827bc2ec4dbfa80e7e34c9eeaa9aeeb5462bf3bdfdd3369f2e705dd34dcc7b3,84f060ad9e9e085b671e3692a08a3fe415b7a853af00848b42215e8f8c7bc024
build/full-map-atlas/tiles/z7/262_249.png,7,4160,4160,17305600,11248035,8106946,3141089,27.9256687945939,7761.8504,72.0643,237.4243,8.151516916314609,True,2d21545d36e024630babb5879f83e632f7f4c1e6b465bf636e25daa060ac1522,873b1a0dc4626d2c3d1d2ef0ca49258e7eab581ee68b66e3feb4f26e15beeb48
build/full-map-atlas/tiles/z7/263_241.png,7,4160,800,3328000,336807,17626,319181,94.76673584575143,120.0082,6.2721,13.8984,5.544955182028891,True,4fa85b784aa5e4081b0a5cdd757179dd699592bbdf0c54069cd777c28f055d50,a6fd88f394b1f209cc5c5fe0e41b07723df77141e75febb569c7463c2bf685bc
build/full-map-atlas/tiles/z7/263_246.png,7,4160,4160,17305600,7604865,4962114,2642751,34.750794392799875,6066.2552,49.9783,159.0476,6.498560031595848,True,c5cf01f6f06b61d686a10a27f6660a2f3672c2748752d285503e222f0fc75c58,dce9f5d50d816ef6f4a9a58b693c44571d95b9424b084cb23ad9044e8952b550
build/full-map-atlas/tiles/z7/264_241.png,7,4160,800,3328000,79989,3512,76477,95.60939629199015,88.6146,4.8545,12.2857,4.81005995357343,True,b4d7c68baf96a585070ebeb4b6bee55a7834ef268bddf7c7f6d68f54eed5f8da,88edbb75962d6061352bc1dfacbc5cb515461efb44c665dbf918718da8b74202
build/full-map-atlas/tiles/z7/94_94.png,7,1568,2880,4515840,17636,228,17408,98.70718983896575,17.5078,6.4019,14.433,1.584962500721156,True,4bdf5b7d667baa2a912f0bf8f3d0980baf8635d956448b63987b4c7ab515908a,de7d189087b42e60efb3d5054da1bca53cf377342f7ed221f8c9e233345ffd96
build/full-map-atlas/tiles/z8/108_109.png,8,96,96,9216,116,40,76,65.51724137931035,0.5567,0.0435,0.0869,1.584962500721156,True,67f067d0981f1cc3a85d670d36a5fb6e5740e7e673baa0c5d210b99f32682603,fe0e2bd9ce15b770c65764df659494d72bfa69468873c4a3df993b67b4e2bafb
build/full-map-atlas/tiles/z8/251_252.png,8,4160,4160,17305600,2154385,447874,1706511,79.21105094957494,471.5899,31.1216,67.9606,4.184055107682152,True,871b864d71c9d29b3c12a6dd571352c7afeb0452b5b0bd81722747d281fcf311,18419a5d22b58846a8fc5b960b10fa29a25201e2b3baf442727f41cd9cb1b352
build/full-map-atlas/tiles/z8/251_254.png,8,4160,4160,17305600,5868789,3214524,2654265,45.22679210310679,5250.8682,49.1443,181.4335,7.074048039171322,True,900d61098c3bab05f50ab55ca6a34a28c76f0f0c069bb1207995529cd2e856b1,ba112b3f8d00bf03947a135ab89defa446c6bb174fd1399ae7119f80891e7d57
build/full-map-atlas/tiles/z8/255_247.png,8,3488,4128,14398464,10065417,6186140,3879277,38.54064863879957,4990.4692,65.1028,174.84,6.472200354963133,True,023db591b12c6f23352c7b879f03d7ed1ad61c3e66586f45b436ac5b39f3cf8a,f65be32d1505efb90ff9261798589a9f5063b8f072a8bfe50d669780259a08d5
build/full-map-atlas/tiles/z8/258_253.png,8,4160,4160,17305600,17402237,10815090,6587147,37.85230025312263,6389.598,89.07,230.9722,8.247447295814647,True,8b4c86c6c7b9a116fd4e9102805bec419826b267d87090501c5ebbf8cbbee46c,1363c0408b6174b24c051c073e5310e1af24db7a5b675a45ad1d3fa57d44bd13
build/full-map-atlas/tiles/z8/261_245.png,8,3776,4160,15708160,6423507,2772044,3651463,56.84531829731018,3972.9544,49.4431,123.2198,6.837140410808215,True,eddbd9faac972da3a4f2376af4393ca07240be64425800244c06724ea1e1dc11,ac15c9c32ccf1b2f6bdfb90342694e336a5589a73d1e6c001ad536ccff64642f
build/full-map-atlas/tiles/z8/262_248.png,8,4160,4160,17305600,7725262,4073800,3651462,47.26651342051571,4764.0223,58.618,176.4543,7.10556531370283,True,6c2921475f991e847fbe420a08823f897b3d8ef69e51b5b19a6eab42b46c8046,752a0080cc670a91eb540c60e42b8eb58636c8cae329421293bcae819f76f433
build/full-map-atlas/tiles/z8/94_94.png,8,1952,1856,3622912,14162,192,13970,98.64425928541166,17.7214,5.8985,13.062,1.584962500721156,True,fc59fede19ee1d78fd0f47dac82745579aa14f50656f3335dcb2a9f54019feda,a162d57222888805da570ff37d78d3c3df0d4ca630d294135fba643cf44b9635
build/full-map-atlas/tiles/z9/101_101.png,9,576,1568,903168,3582,78,3504,97.82244556113903,4.9066,1.6815,3.2825,1.584962500721156,True,14696d530ad17b604871dcf9852b0d575d4ed69ca8d310b60c4d7e674871cb20,75b404f1307c1a7f152ed674ac1fff01d87a6bb74501438974eb364415b4dc3b
build/full-map-atlas/tiles/z9/249_245.png,9,2880,2848,8202240,6780612,4025842,2754770,40.62715872844516,3349.4702,42.7088,106.6813,7.338769421846457,True,aa818738106b5dffe0ff0c5856de013fd25863fbe55e4a71998c0fcf7bf5a727,3bff235080883494e1bf5efebeaff9d245fe8dd3b17987db1bef776e6f94f9b4
build/full-map-atlas/tiles/z9/252_244.png,9,4160,4160,17305600,5436465,2784666,2651799,48.77800188173749,3860.9468,47.1202,145.0356,4.387164151895001,True,caad01b5addd00b622350b3c3549e2caa01d1f5e448d6732ab18c7d7dda7b2d8,b6b513fd4c413911dedaff8d564e118e420bf4f8949c92b4639dd145caaa585d
build/full-map-atlas/tiles/z9/255_244.png,9,3904,4160,16240640,2873975,1122820,1751155,60.93146252142068,4668.872,38.9476,131.8311,6.027320217882205,True,9571584ce3b2c892ec7d3d8e8094e801f281fb48a62a247210370d09aa9240bd,feb66318dadc6807f21f66c1d8d5f0151fd307842802b91f072283ab5d6f0d63
build/full-map-atlas/tiles/z9/255_252.png,9,4160,4160,17305600,8557636,4210540,4347096,50.79786053064187,4990.5895,64.8999,171.3418,6.4662183643138125,True,35784313271d69aba7fcd74d81d5b83f531abd691632173a90a81f34ce405298,fa1d57ef7733aa9f80dc8a635d1804be3340c4a1f873328578a007403907a37d
build/full-map-atlas/tiles/z9/255_253.png,9,4160,4160,17305600,7145063,3447624,3697439,51.74816513164404,4953.7305,58.4548,167.4794,5.482383850078611,True,83dbe1bbe31a6b87ba27b65b169d97f6001816b55ee7149d14995b68d35c33c4,0c11cda438e22f27674f7fe08d4bb1908135066b1c6f80a5947a17c523c330ce
build/full-map-atlas/tiles/z9/257_254.png,9,4160,4160,17305600,9195310,5656770,3538540,38.48200876316296,5211.7711,65.0746,186.1208,6.17289238634889,True,353f383998f725bf9056f5d8d48577728f2f1f54f42249820247e90163586572,154dff0b1ec11049d4edcd1d875a2546a43da445c226a2f2278b9fd42940f84a
build/full-map-atlas/tiles/z9/259_244.png,9,4160,3712,15441920,2935408,1080526,1854882,63.189921128510925,3529.0607,36.5794,120.2644,3.8407248187031313,True,60203942f6217f141c8d82ff3217e19d58c91bd67fa69e7291506896b32d290e,c495371efafdcb3b2e59f44e8e6a63ae8d18f3c0464cfe0e67e3250d002fa763
build/full-map-atlas/tiles/z9/260_245.png,9,992,1184,1174528,624859,254796,370063,59.22344080824634,460.1165,5.6351,13.248,7.231655031699603,True,c04b8e73ebef772959426b419db1b8ac94e677402d11d60669644890b87b70ce,68c5aef5bf10c73b9ce0cbdc79b0eb83ef46c362e7dbf263c4a1501d61e8443e
build/full-map-atlas/tiles/z9/262_244.png,9,4160,2112,8785920,2032375,788446,1243929,61.20568300633495,2492.7854,23.0069,80.2952,6.246320240561515,True,976559c1a4d2d580564f33075cd90b0343c82e4f6fba55c621f267dfeae9ea3b,03a1f71ebf2f40c013e147ebcd14b9f100ae4aae72fe99bb16f6db44ee0f133c
build/full-map-atlas/tiles/z9/262_248.png,9,4160,4160,17305600,8089363,4893058,3196305,39.51244368685148,5871.9907,62.5785,182.6546,6.85145609691523,True,99b079d4838604db270433dff3a538ce6a615c6ddd73aecf3fc6c6d4d139c89d,e05f6bf6f46ef2d7aef84e75130e60a0fd5a0e4adf3357a69de428f265561e51
build/full-map-atlas/tiles/z9/262_250.png,9,3232,2208,7136256,1579342,332838,1246504,78.92552721323185,357.555,17.9856,38.5667,5.014355885160526,True,311aa6ab30c4f78df1fa343d4c39a11008dccbc1515ba78023caec5a487829e6,018a983c5a44066bbbcd0523a6ef531af22b08d675a5aea4bf77a51596715d0f
build/full-map-atlas/tiles/z9/262_255.png,9,2304,1376,3170304,1961329,1094134,867195,44.21466260887388,1456.7678,13.9056,39.5173,8.002431517041027,True,be3d4044dc8b943a3ce5a9a8d8871f0ef309373ae134202f3bd0d1f946b10943,7dafceb946197f3b3fc2b17ca62bd54a8ed184d73f42c770d1d724eacec249cd
build/full-map-atlas/tiles/z9/95_93.png,9,192,192,36864,223,42,181,81.16591928251121,1.1892,0.1093,0.2051,1.584962500721156,True,b666d3abb93f21b76088af570da295b56d1189e3b334dfac34541cc84dcbe78b,1adb21b145b8fff397d0d2c5100092757f3700fceae8b67e8ad8685fc2dd3ae6
